source_id,term_role,concept_usage,airstream_properties,diagnostic_variables,origin_and_transport_claim,origin_evidence,configuration,capping_or_instability_mechanism,capping_or_instability_evidence,initiation_mechanism,initiation_evidence,hazards_locations_and_event_types,prefrontal_trough,key_supporting_quote,quote_pdf_page,limitations_or_uncertainty,Source
SP001,ANALYTICAL_FOCUS,AIRSTREAM+SYNOPTIC_PATTERN,DIRECT: Low-level abnormally high wet-bulb potential temperature air beneath a plume of very warm air ( $36^{\circ}\text{C}$ ) from Spain.,"$\theta_w$ ,  $\theta$ ,  $\theta_s$  (saturation potential temperature).",DIRECT: Plume of very warm air lying downwind of an extensive arid plateau (Spain or Mexico).,DIRECT: Isentropic analysis and sounding data showing Spanish air at 850–700 mb with  $\theta \approx 36^{\circ}\text{C}$ .,CLASSIC,"DIRECT: Plume acts as a ""lid"" to confine small-scale convection to a shallow layer (1–2 km).",DIRECT: Chateauroux sounding shows Spanish adiabatic layer between 850 and 700 mb acting as a lid.,DIRECT: Release at the edge of the restraining plume; lifting over a squall-front or frontal zone.,DIRECT: Case studies of Horsham and Wokingham storms occurring near the western edge of the Spanish plume.,"Severe storms, giant hailstones, violent phenomena; Southern England, Belgium, France, US Midwest.",PRESENT,Extreme instability arises where small-scale convection is confined to a lowermost 1 or 2 km ... beneath a plume of very warm air,PDF p. 1,Storms did not develop in 1961 due to a preceding dry spell in France parching the soil.,1
SP002,CASE_APPLICATION,AIRSTREAM,DIRECT: Plume of potentially warm air at 850 mb and 700 mb acting as a lid; high surface wet-bulb potential temperature.,"WBPT, 850 mb and 700 mb dry-bulb potential temperatures, 300 mb vorticity.",DIRECT: Warm air advected from the Mediterranean reached  $35\text{--}40^{\circ}\text{C}$  in Spain before moving toward France and England.,DIRECT: Time sequence of charts showed advection from the Mediterranean; Camborne ascents showed 850 mb temperature rise.,CLASSIC,"DIRECT: The potentially warm air plume at 850–700 mb acted as a lid, restraining deep convection until air escaped.",DIRECT: Non-occurrence of thunderstorms in France despite instability until high surface WBPT air escaped the plume's influence.,DIRECT: Escape of high surface WBPT air from beneath the plume caused by backing of the surface gradient.,DIRECT: Convection proceeded to beyond 300 mb once moist air emerged from the restraining influence of the plume.,"DIRECT: Severe thunderstorms and exceptionally heavy rainfall ( $>100\text{mm}$ ) in Gloucestershire and southern England, July 1968.",NR,convection in France was minimal because there was a plume of potentially warm air which effectively acted like a lid.,PDF p. 377,"DIRECT: Instability indices (Rackliff, Boyden) overestimated the area of thundery activity when used as objective tests.",2
SP003,ANALYTICAL_FOCUS,SYNOPTIC_PATTERN+EVENT_LABEL,DIRECT: Dynamical interaction between typical mid-latitude upper trough and a reservoir of hot air over Iberia.,"850 mb WBPT, 1000–500 mb thickness, thermal advection, vertical velocity, vorticity advection.",DIRECT: Hot air reservoir over Iberia spreads to the United Kingdom as a 'plume' ahead of an advancing upper trough.,DIRECT: Case study of 19–20 May 1986 using initialized fields from Meteorological Office 15-level fine-mesh model.,CLASSIC,UNCLEAR: Mentions 'convectively unstable' air as a doubt but focuses on dynamical ascent/vertical motion.,NR: Focuses on vertical velocity and thermal advection fields rather than thermodynamic capping/lid strength.,DIRECT: Quasi-geostrophic forcing; warm air advection and positive vorticity advection ahead of an advancing upper trough.,DIRECT: Meteosat cloud imagery and model vertical motion analysis showing development of convective cloud and thunderstorms.,"DIRECT: Widespread thunderstorms, thundery rain, and convective cloud; Iberia, France, United Kingdom.",PRESENT,"This weather pattern, which usually occurs at least once or twice during the summer months between May and September, is known as the 'Spanish plume'.",PDF p. 349,DIRECT: Forecasters were skeptical of predicted evolution; model timing errors; spurious solutions from data assimilation.,SP003
SP004,CASE_APPLICATION,SYNOPTIC_PATTERN+EVENT_LABEL+FORECASTING_CONCEPT,"Very warm, moist ( $\theta_w \text{ 16--18}^{\circ}\text{C}$ ) low-level air advected from France; 850 mbar plume  $\theta_w > 18^{\circ}\text{C}$ .","$\theta_w$ , CAPE, 850 mbar contours, vertical wind shear.",DIRECT: Hot air from the Spanish plateau is lifted ahead of an eastward-moving upper trough over Biscay.,DIRECT: Satellite imagery and 850 mbar analysis show  $\theta_w > 18^{\circ}\text{C}$  marking the 'Spanish plume'.,CLASSIC,"DIRECT: 'Loaded gun' profile; warm, moist air trapped beneath a capping inversion of warm, dry air (850 mbar).",DIRECT: Brest sounding at 1100 GMT shows potential instability and a capping inversion around 850 mbar.,DIRECT: Positive vorticity and warm advection ahead of an advancing upper trough; surface convergence zone.,DIRECT: Marked convergence zone over Brittany and satellite imagery showing developing MCS canopy over the Channel.,"Severe thunderstorms, flash floods, violent storms; SE England, France, Genoa.",PRESENT,This synoptic situation is known colloquially as the 'Spanish plume'.,PDF p. 2,Numerical model guidance timing and distribution varied; models cannot advect showers directly.,3
SP005,CASE_APPLICATION,EVENT_LABEL+SYNOPTIC_PATTERN,DIRECT: South-easterly air-stream bringing very warm air northwards (WBPT  $> 16^{\circ}\text{C}$ ) originated from Spanish plateau.,"850mbar WBPT, 250mbar height, 800mbar temperature profile ('nose'), CAPE, surface pressure.",DIRECT: Warm air originated from the Spanish plateau the previous day and was transported northwards into Britain.,CITED_ONLY: Referenced Morris (1986) and McCallum and Waters (1993) for the archetype.,CLASSIC,"DIRECT: Temperature inversion below 800mbar 'nose' prevented early surface-based convection, storing CAPE.",DIRECT: 0600 GMT Herstmonceux upper-air ascent showed a 'nose' of warm air near 800mbar.,DIRECT: Lifting by positive vorticity advection ahead of an upper trough and local topographical forcing/convergence.,INDIRECT: Numerical model (LAM) products and surface charts showed a well-marked trough in surface isobars.,"DIRECT: Severe thunderstorms, heavy rain (49mm), hail, lightning, strong gusts (56kn); SE England, East Anglia.",PRESENT,the synoptic pattern conformed very well with the ‘Spanish plume’ conceptual model (Morris 1986),PDF p. 250,DIRECT: Numerical model guidance (LAM) failed to produce showers over southern England despite satisfying storm criteria.,4
SP006,CASE_APPLICATION,EVENT_LABEL+SYNOPTIC_PATTERN,"INDIRECT: Warm, moist northward-advected air and a warm conveyor belt from the Bay of Biscay and northern France.","1000–500 mbar thickness ( $>564\text{ dam}$ ), high wet-bulb potential temperature ( $\theta_w$ ), and 850 mbar  $\theta_w > 17^{\circ}\text{C}$ .",DIRECT: Warm conveyor belt from the Bay of Biscay and northern France advanced northwards ahead of a cold front.,INDIRECT: Analysis of 1000–500mbar thickness and low-level dew points for 4 August 1994.,MODIFIED,DIRECT: Gradual destabilisation at medium and high levels caused by cooling of moist air aloft (overrunning cool polar air).,DIRECT: Aughton tephigram shows a warm 'nose' at 770mbar and cooling aloft allows rapid development of unstable medium-level cloud.,DIRECT: Triggered by a weak cold front and associated upper troughs from the North Atlantic.,DIRECT: Thundery activity occurred just ahead of a weak cold front shown at 0000 GMT on the 4th.,"DIRECT: Severe thunderstorms, very vigorous electrical activity, large hailstones (15mm), and heavy rain at Birmingham Airport.",PRESENT,high wet-bulb potential temperature ( $\theta_w$ ) values were present across southern Britain in the form of a 'Spanish plume',PDF p. 242,"DIRECT: The second storm cell was less predictable than the first, with thunderstorm indices giving a mixed picture.",5
SP007,CASE_APPLICATION,SYNOPTIC_PATTERN,NR,DIRECT: inversion below 830mbar with strong potential instability above,"CITED_ONLY: formation of a Spanish plume (Morris, 1986)",NR,UNCLASSIFIED,DIRECT: inversion below 830 mbar,DIRECT: Bordeaux upper air sounding for 1100 UTC,INDIRECT: associated upper trough ahead of cold front,INDIRECT: surface synoptic chart for 1200 UTC,"seiches, thunderstorms, lightning; Saint Aubin's Bay, Jersey, France, Kent, East Anglia",PRESENT,"Bordeaux upper air sounding for 1100 UTC indicated an inversion below 830mbar with strong potential instability above, which is typical of that found with",PDF p. 4,NR,6
SP008,CASE_APPLICATION,SYNOPTIC_PATTERN,"Warm, very moist air in a 'conveyor belt' from the south-south-west; wet-bulb potential temperatures at 850mbar around  $15\text{--}17^{\circ}\text{C}$ .",850mbar height contours; surface pressure; WBPT; 500mbar isotherms; freezing level; rainfall rates.,DIRECT: The air moved in a 'conveyor belt' from the south-south-west after a long sea track over a still-warm Mediterranean Sea.,INDIRECT: Analysis of 850mbar flow and wet-bulb potential temperature trajectories over the Mediterranean basin.,CLASSIC,NR,NR,"DIRECT: Upward motion enhanced by short-wave troughs moving around a sharp, slow-moving upper trough.",INDIRECT: Meteorological situation showed a slow-moving upper trough and a frontal system moving from Spain towards the Balearic Islands.,"Extreme rainfall and widespread flooding in Piedmont, Liguria, and Lombardy (Italy); 65 deaths.",PRESENT,"The situation is somewhat analogous to the 'Spanish Plume', except that less deep convection was involved.",PDF p. 20,NR,7
SP009,CASE_APPLICATION,EVENT_LABEL+AIRSTREAM,DIRECT: Warm surface air topped by low stratus; south-westerly wind; anomalous heat/moisture plumes from power stations.,"Rainfall totals, tephigram, temperature discontinuity ( $10^{\circ}\text{C}$  diff), wind direction/speed.","DIRECT: Plume forms over southern France, crosses western Alps, moves north-east towards Czech Republic; also local power plant plumes.",INDIRECT: Satellite cloud images (IR/visible); radar/rainfall data for local sources.,OTHER,DIRECT: Accumulation and storage of anomalous quantities of heat within dust layer during calm days; tropical trigger in temperate zone.,INDIRECT: Temperature difference of  $10^{\circ}\text{C}$  or more between air layers and surface; soundings showing stability changes.,DIRECT: Combined effect of anomalous heat sources and cold front arrival; trigger by local energy sources (cooling towers).,DIRECT: Upper-air soundings from Prague; rainfall maxima located downwind of power station triggers.,"DIRECT: Thundery events, intense/catastrophic rainfall, flash floods; Czech Republic, Slovakia, UK, France.",PRESENT,Similar rainfall events often occur following an event known in the UK as a ‘Spanish plume’. There seems to be a ‘South France plume’,PDF p. 133,DIRECT: Pollutant concentrations (dust) are unknown; rain event hidden from dense network of rainfall stations.,8
SP010,CASE_APPLICATION,EVENT_LABEL,DIRECT: Iberia across western France to central and eastern England; temperatures  $32\text{--}33^{\circ}\text{C}$ .,Colour-coded temperature maps on the Internet (World Wide Web).,DIRECT: Extending from Iberia across western France to central and eastern England.,INDIRECT: Identification made via colour coding on the screen using station density.,CLASSIC,NR,NR,NR,NR,"DIRECT: Heatwave/high temperatures ( $32\text{--}33^{\circ}\text{C}$ ) in central and eastern England, 22 July 1996.",NR,"allow the identification of a classic 'Spanish plume' effect extending from Iberia, across western France to central and eastern England.",PDF p. 91,DIRECT: Density of stations precludes easy identification of individual values on the screen.,9
SP011,PASSING_MENTION,SYNOPTIC_PATTERN,NR,NR,NR,NR,UNCLASSIFIED,NR,NR,NR,NR,DIRECT: Thunderstorms and severe weather over the southern UK.,NR,"Data from this region may help improve the model’s prediction of thunderstorms in ‘Spanish Plume’ situations (Morris, 1986), which can produce severe weather",PDF p. 275,NR,10
SP012,CASE_APPLICATION,AIRSTREAM+SYNOPTIC_PATTERN,CITED_ONLY: Warm and moist air from the Iberian Peninsula transported to central Europe with southwesterly winds.,"TSS, SI850, SWEAT, CAPE, vertical wind shear, dewpoint depression at 600/650 hPa.",CITED_ONLY: Warm and moist air from the Iberian Peninsula (Spanish plume) is transported to central Europe.,CITED_ONLY: Referenced Morris (1986) regarding the transport of air from the Iberian Peninsula.,CLASSIC,DIRECT: Cold advection in high altitudes with the approach of a trough increases instability.,DIRECT: Mean soundings show a strong conditionally unstable layer between 850 and 500 hPa on thundery days.,DIRECT: Cold front arrival in Switzerland (late afternoon/evening) or escape of high surface WBPT air.,DIRECT: Strongest developments expected if cold front reaches Switzerland in late afternoon; combined indices show high skill.,DIRECT: Severe thunderstorms and hail in northern Switzerland (1985–1993).,PRESENT,"the warm and moist air from the Iberian Peninsula 'Spanish plume,' see Morris (1986) is transported to central Europe",PDF p. 110,DIRECT: Traditional indices developed in the USA may not be ideal for Switzerland; new SWISS indices perform better.,11
SP013,CASE_APPLICATION,EVENT_LABEL,DIRECT: Very warm 'Spanish plume' air over south-east England with dew points locally above  $20^{\circ}\text{C}$ .,Dew points above  $20^{\circ}\text{C}$ ; maximum temperature  $33.1^{\circ}\text{C}$ ; lapse rates; wind shear; 500 mbar wind speed.,DIRECT: Cold front CY boundary between air originating from Spain and Greenland; thundery low S moved from northern Spain.,DIRECT: Back-trajectory implied by surface analysis and the movement of Low S from northern Spain over 24 hours.,CLASSIC,DIRECT: Moist layer at 800mbar capped by markedly drier air at medium levels (400–600 mbar); very unstable.,DIRECT: Herstmonceux radiosonde temperature profile at 1800 GMT showing steep lapse rate and mid-level dry capping.,"DIRECT: Convergence between sea-breeze front, pre-frontal trough from storm outflow, and northward drift of London heat island.",DIRECT: Observations of first showery radar echoes near Harlow and cumulonimbus explosion in High Wycombe area.,"DIRECT: Giant hail, lightning, tornado (Basingstoke), flash flooding (East Lockinge).",PRESENT,"The National Meteorological Centre, Bracknell, surface analysis for 1800 GMT on 7 June 1996... showed... very warm ‘Spanish plume’ air over south-east England.",PDF p. 234,DIRECT: Advanced Time Difference sferics system only locates approximately 25 per cent of all lightning discharges.,12
SP014,ANALYTICAL_FOCUS,AIRSTREAM+SYNOPTIC_PATTERN,DIRECT: relatively dry and warm air formed over the Spanish plateau at levels between 900 and 700 hPa.,"$\theta$ ,  $\theta_e$ , Q-vector divergence, moisture flux convergence, 700 hPa wind speed.",DIRECT: Air is formed over the Spanish plateau and advected north over the Bay of Biscay and France by an approaching Atlantic trough.,CITED_ONLY: Attributes origin to Carlson and Ludlam (1968).,CLASSIC,DIRECT: Acts as a capping inversion preventing deep convection; subsidence in the plume's eastern part further warms/dries the layer.,INDIRECT: Modeled as an area of downward motion and adiabatic warming within a cross-frontal circulation.,DIRECT: Triggered by a line of surface convergence/confluence associated with a cross-frontal circulation and mid-tropospheric jetstreak.,"DIRECT: Satellite imagery and surface observations of the August 8, 1992 squall line over Iberia and France.","DIRECT: Severe thunderstorms, squall lines, damaging hail, flash floods in UK, France, Germany, Benelux.",PRESENT,This plume of relatively dry and warm air is formed over the Spanish plateau at levels between 900 and 700hPa.,PDF p. 2,DIRECT: Diabatic processes contributing to frontal intensification are difficult to quantify; quasi-geostrophic theory only provides first-order explanation.,13
SP015,ANALYTICAL_FOCUS,AIRSTREAM+SYNOPTIC_PATTERN,"Warm, moist air advected from the Mediterranean or central Spain; low-level moisture increases due to evapotranspiration.",$\theta_e$ ; CAPE; vertical wind shear; storm-relative helicity (SRH); bulk-Richardson number.,"DIRECT: Air from the Mediterranean or central Spain is advected through the Rhône valley, Swiss Jura, and Belfort Gap into the Rhine valley.",CITED_ONLY: Referenced to Morris (1986) and Dessens and Snow (1989).,EUROPEAN_EASTERLY,"DIRECT: Low-level inversion at approx 1.5 km limits vertical mixing, allowing  $\theta_e$  to increase until removed by synoptic lifting.",DIRECT: Data analysis of recorded tornadoes shows the removal of the inversion layer by cold fronts or upper-level troughs.,DIRECT: Lifting at a cold front approaching from W-NW or positive vorticity advection with a short-wave upper-level trough.,DIRECT: Synoptic analysis of the 9 September 1995 case shows a mid-tropospheric trough passing the area around noon.,"Tornadoes (T2/F1), severe thunderstorms, and hail in the Upper Rhine valley.",PRESENT,air from the Mediterranean or from central Spain is advected across southern France (the “Spanish plume” (Morris 1986))through the Rhône valley,PDF p. 2,DIRECT: Small storm scale and limited spatial/temporal radar resolution; results on tornado alleys are preliminary.,14
SP016,ANALYTICAL_FOCUS,SYNOPTIC_PATTERN+EVENT_LABEL,"DIRECT: Warm, humid air advected from the Spanish plateau creates a stable layer around 900mbar; cold advection aloft provides CAPE.","CAPE, 900mbar stable layer, cold advection into Iberia, low-level warm advection, 500hPa geopotential height.",DIRECT: Warm humid air from Spanish plateau; cold advection into Iberia from Atlantic; warm advection over France/UK.,CITED_ONLY: Cites Morris (1986) for the three main components of the Spanish plume synoptic situation.,CLASSIC,DIRECT: Warm humid air from the Spanish plateau creates a stable layer around 900mbar (capping) with cold advection aloft (CAPE).,ASSERTED_ONLY: General description of synoptic components and the resulting thermal profile.,DIRECT: Warm advection coupled with eastward propagating upper trough leads to ascent ahead of surface cold front.,ASSERTED_ONLY: Describes how ascent helps destabilize the profile and release the CAPE.,"DIRECT: Severe convective events, MCSs, hailstorms; Southeast England, East Anglia, UK.",ABSENT,Severe convective events over the UK are usually associated with a synoptic situation known as the ‘Spanish plume’ (described by Morris 1986).,PDF p. 394,DIRECT: Insufficient data to confirm Spanish plume for all cases; satellite image gaps.,15
SP017,CASE_APPLICATION,EVENT_LABEL+FORECASTING_CONCEPT,DIRECT: Warm air advection northward at levels between 900 hPa and 700 hPa in advance of an approaching cold front.,"$\theta$ ,  $\theta_e$ , slope of isentropes, and horizontal potential temperature gradient.","DIRECT: Warm air associated with the so-called ""Spanish plume"" from the south.",ASSERTED_ONLY: Cited as Van Delden (1998).,EUROPEAN_EASTERLY,DIRECT: Reduced static stability in the forward cold front (FCF) sloping toward the warm air.,DIRECT: Cross-sectional analysis showing reduced stability in the FCF.,DIRECT: Cross-frontal circulation associated with thermal wind adjustment to intensifying temperature contrast along the coast.,INDIRECT: Inferred from the forward tilt of the FCF and cross-frontal wind vectors in ECMWF analysis.,DIRECT: Severe thunderstorms in Western Europe/France on 8 August 1992.,NR,To the east of the FCF there is a warm front separating the warm air associated with the so-called ‘‘Spanish plume’’ from the cooler air.,PDF p. 4,DIRECT: Difficult to determine front propagation speed;  $\theta_e$  behaves poorly when isentropes fold.,SP017
SP018,CONCEPTUAL_BACKGROUND,SYNOPTIC_PATTERN,DIRECT: Strong horizontal temperature gradient over France; cold airmass with associated upper trough to the west.,DIRECT: Temperature in the upper air decreases westward.,ASSERTED_ONLY: Typical thundery front develops over Biscay or western France.,CITED_ONLY: Referenced to findings in Douglas and Harding (1946) regarding the storm of July 1945.,CLASSIC,DIRECT: Returns to the problem of instability and thundery fronts.,NR,DIRECT: Thundery front develops ahead of an Atlantic front.,INDIRECT: Observations of severe storms affecting England.,"DIRECT: Severe thunderstorms and heavy rainfall in Sussex, London, Home Counties, and East Midlands.",PRESENT,Douglas and Harding’s (1946) observations contain a pre-science of the phenomenon known as the ‘Spanish plume’.,PDF p. 326,DIRECT: Early observations were qualitative and lacked sufficient upper-air data.,16
SP019,ANALYTICAL_FOCUS,AIRSTREAM+SYNOPTIC_PATTERN,DIRECT: Plumes of warm air at levels between the earth’s surface and 700 hPa advected north from the Iberian Peninsula.,"Potential instability ( $\theta_e$  925–500 hPa), horizontal moisture flux convergence, Q-vector divergence, 850 hPa temperature advection.",DIRECT: Very warm air over the Iberian plateau travels towards the north when a trough or cut-off low approaches Iberia.,DIRECT: Synoptic ECMWF analyses and 850 hPa temperature advection maps showing a zone stretching from Iberia over western France.,CLASSIC,"DIRECT: Plume creates a ""loaded gun"" state with extreme potential instability above the warm air advection zone.",DIRECT: Vertical profiles and potential instability maps for July 1992 case showing values  $>0.002\text{ K/m}$ .,"DIRECT: Frontogenesis providing forced upward motion (Q-vector convergence) and formation of a ""thundery low"".",DIRECT: Quasi-geostrophic analysis and vertical velocity at 700 hPa showing correlation between thunderstorms and frontogenetical forcing.,"DIRECT: Intense thunderstorms and squall lines; Western France, Southern England, Benelux, Germany.",PRESENT,"To the north of the Alps, potentially unstable conditions are associated with warm air advection at levels below 700 hPa, such as the Spanish plume.",PDF p. 110,DIRECT: Climatology based on limited 4-year period; subjective nature of surface observations.,17
SP020,CASE_APPLICATION,EVENT_LABEL,"DIRECT: Plume of very small ice crystals, semi-transparent, located in stratosphere above anvil top.","AVHRR channel 3 reflectance, channel 4 brightness temperature, channel 2 reflectance.",DIRECT: Plume emanates from a small spot in the storm's warm area and spreads downwind in a fan shape.,INDIRECT: Satellite imagery showing plume source location in the warm spot of an active cell over southeastern Spain.,UNCLASSIFIED,NR,NR,CITED_ONLY: Gravity waves developing at storm top suggested to eject ice crystals/vapor to stratosphere.,CITED_ONLY: Simulations by Wang (2001) and aircraft observations by Fujita (1982).,"DIRECT: Multicell storm over southeastern Spain, 28 August 1991; associated with severe convection.",NR,The plume emanated from a relatively small spot and spread out in the form of a ‘‘fan’’ (see channel 3 image in Fig. 1b).,PDF p. 3,DIRECT: Unambiguous retrieval of ice crystal shape is not possible.,SP020
SP021,CASE_APPLICATION,EVENT_LABEL+SYNOPTIC_PATTERN,DIRECT: Hot humid air with 850 mbar wet-bulb potential temperature above  $18^{\circ}\text{C}$ .,"WBPT, surface temperature.",NR,NR,UNCLASSIFIED,DIRECT: Decreasing stability in the upper troposphere as an upper trough approached from the west.,ASSERTED_ONLY: Cited Morris (1986).,DIRECT: Combination of overnight cooling of the upper atmosphere and convergence at low levels; orographic triggering.,DIRECT: Satellite imagery suggesting overnight cooling and convergence; reference to Pennines and Massif Central.,"Heavy thundery rain; Yorkshire, Lincolnshire, central France, Manchester, Norfolk.",PRESENT,Many of the ingredients for the development of these storms were similar to those seen in the so-called `Spanish plume',PDF p. 247,NR,"18, 19"
SP022,PASSING_MENTION,EVENT_LABEL,DIRECT: Relatively warm airmass moves over cool ground or sea; cooling causes low cloud or fog.,"Temperature, dew point, tephigram, relative humidity, WBPT.",ASSERTED_ONLY: Heavy thundery rain moves north into the British Isles.,NR,NR,NR,NR,NR,NR,DIRECT: Heavy thundery rain in the British Isles.,NR,"Typically, this is the case when heavy thundery rain moves north into the British Isles in a ‘Spanish plume’",PDF p. 7,DIRECT: Notes that nature is often quirky and 'classical' systems are rare.,20
SP023,CONCEPTUAL_BACKGROUND,SYNOPTIC_PATTERN,DIRECT: Warm and moist boundary layer air flowing northward from Spain and the Mediterranean Sea.,"Upper-level trough, boundary layer capping inversion (""loaded gun"").",DIRECT: Northward flow from Spain and the Mediterranean Sea in front of an approaching upper-level trough.,"CITED_ONLY: Browning and Hill (1984), McCallum and Waters (1993), Young (1995).",CLASSIC,DIRECT: Elevated inversion capping warm/moist boundary layer air (loaded gun).,ASSERTED_ONLY: General conceptual model for western Europe.,"INDIRECT: Inferred as the release of instability when capped air is triggered, often by an approaching trough.",CITED_ONLY: Browning and Hill (1984).,DIRECT: Severe thunderstorms and strong MCSs over France and the United Kingdom.,NR,A tongue of warm and moist boundary layer air flows northward from Spain and the Mediterranean Sea in front of an approaching upper-level trough.,PDF p. 4,DIRECT: Finnish situations have similarities but different moisture sources than the Gulf of Mexico or Mediterranean.,21
SP024,CASE_APPLICATION,SYNOPTIC_PATTERN,DIRECT: tongue of warm low-level air advected from Spanish plateau; moist boundary layer; thermal inversion below 850 mb.,$\theta_e$  at 850 hPa; CAPE; CIN; bulk Richardson number; geopotential height.,DIRECT: Warm low-level air is advected from the Spanish plateau on the forward side of an eastward propagating upper level trough.,ASSERTED_ONLY: Defined by Morris (1986) as a tongue of warm low-level air from the Spanish plateau.,CLASSIC,"DIRECT: Thermal inversion below 850 mb inhibits low-level convection, allowing gradual formation of a large reservoir of CAPE.",DIRECT: Model vertical profiles (tephigrams) showing inversion just below 850 mb and creation of CAPE.,DIRECT: Ascent ahead of surface cold front due to advancing upper level trough and orographic forcing triggered MCSs.,DIRECT: Model forecast data validated using high resolution infrared satellite images showing MCS development.,DIRECT: Large deep convective clusters (MCSs) over Western Europe.,PRESENT,"The MCSs here appear to be associated with a synoptic situation known as the ‘‘Spanish Plume’’ Browning and Hill, 1984; McCallum and Waters, 1993.",PDF p. 3,DIRECT: Model lagged observations by a few hours.,22
SP025,ANALYTICAL_FOCUS,OTHER,NR,NR,NR,NR,UNCLASSIFIED,NR,NR,NR,NR,NR,PRESENT,The Spanish plume (Morris 1986; van Delden 1998) may also be a similar feature over western Europe.,PDF p. 9,"DIRECT: The author notes that despite similarities to other mechanisms, the Spanish Plume remains undiagnosed using real data.",SP025
SP026,ANALYTICAL_FOCUS,FORECASTING_CONCEPT+SYNOPTIC_PATTERN,DIRECT: Plume of warm dry air (high potential temperature) from the Spanish plateau on top of cooler/moister air in south-west France.,"WBPT,  $\theta$ , CAPE, CIN, and 800 mb stable layer.","DIRECT: Originates from a deep mixed boundary layer generated over the arid Spanish plateau, advecting northwards in a southerly airstream.","DIRECT: Bowen ratio is higher over arid land, resulting in higher potential temperature and layer depth compared to moist surfaces.",CLASSIC,DIRECT: Warm dry air acts as a strong lid (elevated mixed layer) confining small-scale convection and allowing CAPE to build up.,DIRECT: Soundings in southern France showing strong inversion at the base of the elevated mixed layer.,"DIRECT: Release of instability when low-level flow reaches the western edge (cold front) of the dry plume, or by large-scale ascent.",CITED_ONLY: Isentropic analysis by Carlson and Ludlam (1968) marking the western edge as a cold front.,"DIRECT: Severe storms, MCSs, large hail, and lightning over the UK and continental Europe.",NR,This ‘Spanish Plume’ situation is similar to the situation in the USA where hot dry air from the Mexican plateau is found in the Midwestern states,PDF p. 11,DIRECT: Successful incorporation into forecasting tools remains elusive in the UK due to difficulty in observing/predicting cold pool strength.,SP026
SP027,ANALYTICAL_FOCUS,SYNOPTIC_PATTERN,DIRECT: warm moist plume below 750mb tracked north beneath cooler drier mid- and upper-level south-westerly flow,"CAPE, CIN, geopotential height, horizontal wind shear",DIRECT: warm moist plume below 750 mb tracked north beneath cooler drier mid- and upper-level south-westerly flow,DIRECT: model geopotential height at 850 mb and  $\theta_w$,UNCLASSIFIED,DIRECT: front edge of the low-level plume became elevated above a low-level (below 850 mb) easterly flow,DIRECT: Model analysis showing CAPE and collocated zero CIN,DIRECT: convection triggered on the elevated plume over the Bay of Biscay,DIRECT: Meteosat infrared imagery and model analysis,"mesoscale convective system, organized convection; UK, southern England, Bay of Biscay",NR,"The meteorological situation known as the Spanish plume, described by Morris (1986), occurred during 28 and 29 May 1999 and provided favourable conditions",PDF p. 18,"ASSETED_ONLY: ignores convective modification of the boundary layer, overestimating convective timescale",23
SP028,PASSING_MENTION,EVENT_LABEL,NR,NR,NR,NR,UNCLASSIFIED,NR,NR,NR,NR,DIRECT: Mesoscale convective systems (MCSs) over the UK.,NR,Mesoscale convective systems occur at a frequency of approximately two per year over the UK and are most likely to form within a Spanish plume.,PDF p. 20,DIRECT: The specific case study of 27 June 2004 was not a Spanish plume event.,24
SP029,CASE_APPLICATION,AIRSTREAM,"DIRECT: Moist, warm, south-westerly flow.","precipitable water, temperature and dewpoint in 850 and 500 hPa.",DIRECT: Advected from the Atlantic and the Mediterranean from southwesterly direction to Germany.,CITED_ONLY: Referenced to Morris (1986).,EUROPEAN_EASTERLY,INDIRECT: Orogenic low-level wind shear and humid southwest advection.,ASSERTED_ONLY: Claimed to easily intensify thunderstorms.,NR,NR,DIRECT: Tornadoes in Germany (south-western and western parts).,NR,"The warm humid air which is advected from the Atlantic and the Mediterranean from southwesterly direction to Germany (the ‘Spanish plume’, Morris, 1986)",PDF p. 13,DIRECT: Tornado time series are unlikely to be complete due to underreporting.,25
SP030,CONCEPTUAL_BACKGROUND,FORECASTING_CONCEPT,DIRECT: Tongue of warm relatively dry low-level air advected northward from the Spanish plateau.,CITED_ONLY: Low-level air advection on the forward side of an eastward propagating upper level trough.,ASSERTED_ONLY: Advected northward from the Spanish plateau ahead of an eastward propagating upper level trough.,CITED_ONLY: Attribution to Morris (1986).,CLASSIC,DIRECT: Warm dry air caps moister surface air allowing convective instability to build.,ASSERTED_ONLY: General conceptual model of Spanish plume events described in background.,DIRECT: Release of instability leads to mesoscale convective systems and thunderstorms.,ASSERTED_ONLY: Conceptual description of event progression.,DIRECT: Mesoscale convective systems and thunderstorms; occurs ahead of cold fronts over Europe.,NR,Spanish plume events occur when a tongue of warm relatively dry low-level air is advected northward from the Spanish plateau,PDF p. 4,DIRECT: Result might have been more influenced by summer conditions than the kata-cold front itself.,SP030
SP031,ANALYTICAL_FOCUS,SYNOPTIC_PATTERN+AIRSTREAM+FORECASTING_CONCEPT,DIRECT: Warm moist plume from Iberia/Europe capped by elevated mixed layer of warmer dry air from Spanish plateau.,"$\theta_w$ , CAPE, CIN, geopotential height, vertical velocity, vertical wind shear, differential vorticity advection.",DIRECT: Iberia (SP/MSP) or Northern continental Europe (EEP) with north/northeastward advection towards the UK.,DIRECT: Back-trajectory analysis and radiosonde profiles from Trappes and Bordeaux show low-level warm advection.,CLASSIC+MODIFIED+EUROPEAN_EASTERLY,DIRECT: Elevated mixed layer (convective lid) from Spanish plateau inhibiting CAPE release until dynamical lifting or edge is reached.,"DIRECT: Radiosonde ascents (e.g., Bordeaux) show warm/dry air at  $\approx 850\text{--}900\text{ hPa}$  creating an inversion.",DIRECT: Interaction of upper-level disturbance with low-level warm advection; erosion of cap by dynamical cooling or isentropic ascent.,DIRECT: Radar and lightning observations showing convective development at the edge of the lid or near upper fronts.,"DIRECT: Mesoscale Convective Systems (MCSs), lightning, heavy/persistent rainfall, flash flooding over UK/England.",PRESENT,This situation has two main precursor components: an upper-level trough propagating towards Biscay and Iberia associated with a surface cold front,PDF p. 195,DIRECT: Lightning criterion potentially excludes significant MCS-like events lacking continuous electrical activity.,26
SP032,CONCEPTUAL_BACKGROUND,SYNOPTIC_PATTERN,DIRECT: Warm and moist air advected from southwesterly directions.,"Extended trough over West European Basin/Bay of Biscay, ridge over Mediterranean, high CAPE, weak surface pressure gradient.",CITED_ONLY: Advection from southwesterly directions associated with an extended trough and ridge constellation.,NR,CLASSIC,DIRECT: High CAPE aloft; horizontal flow convergence downstream of mountains (Black Forest) due to low Froude number flow.,INDIRECT: Convergence inferred from low Froude number ( $Fr < 1$ ) calculations ( $Fr = 0.32$ ).,DIRECT: Orographic initiation; horizontal flow convergence downstream of Black Forest and flow deviation at Swabian Jura.,INDIRECT: Based on radar-derived hail track density hot spots near Stuttgart and calculated Froude numbers.,DIRECT: Severe hailstorms and deep convection in Southwest Germany.,NR,"warm and moist air is advected from southwesterly directions in the area under investigation, frequently referred to as the ‘Spanish plume’ (Morris, 1986).",PDF p. 436,DIRECT: Uncertainty in return level estimates for high return periods due to limited 11-year sample size.,27
SP033,CASE_APPLICATION,SYNOPTIC_PATTERN,"DIRECT: very humid air mass, destabilised by surface heating, local convergence and general ascent.",500mbar cut-off cold vortex southwest of the British Isles within the axis of a deep upper trough.,ASSERTED_ONLY: Air moved northwards from the Iberian region into southern England.,INDIRECT: Reanalysis charts showing circulation from northwest of Iberia and humid air edging northwards.,MODIFIED,DIRECT: destabilisation of a very humid air mass by surface heating.,DIRECT: Temperatures rose to  $26\text{--}28^{\circ}\text{C}$  in places between the 7th and 9th.,DIRECT: Local convergence and general ascent ahead of a major upper trough.,INDIRECT: Surface charts showing convergence zone between northeasterly winds and advancing warm/humid air.,"DIRECT: Violent thunderstorms, extreme precipitation (125mm), destructive hail, flooding; Thames Valley.",PRESENT,This corresponds closely to the scenario of the ‘modified Spanish Plume’ described by Lewis and Gray (2010).,PDF p. 153,DIRECT: Non-standard rain gauges used in 1910; use of reanalysis data for century-old events.,28
SP034,CASE_APPLICATION,EVENT_LABEL+AIRSTREAM,"DIRECT: Very warm air moving north across the Spanish Plateau from Africa, moist and unstable rising to around 10,000 feet.",1000–850mbar thickness (1409m); 1000–500mbar thickness (5697m); 850mbar WBPT ( $18^{\circ}\text{C}$ ).,"DIRECT: Origin from Morocco/North Africa on 23–24 June 2011, tracking over western Spain, Portugal, and France.",DIRECT: Met Office NAME III and NOAA HYSPLIT backward trajectory models; Saharan dust deposits reported in UK.,CLASSIC,DIRECT: Overrunning upper trough increased instability; pre-existing zone of instability/medium-level convective cells.,DIRECT: Radiosonde ascent (Hertsmonceux 00Z 28 June) and MSG satellite imagery.,DIRECT: Surface cold front progression and a narrow trough slightly ahead of the fronts triggered activity.,DIRECT: Synoptic analysis maps and rain radar frames showing cell building.,"DIRECT: Intense lightning, flash flooding, and heavy rain ( $>25\text{mm}$ ) in SE England, East Anglia, and Lincolnshire.",PRESENT,"This is characterised by very warm air that moves northwards across the Spanish Plateau from Africa, with the moist, unstable air typically rising...",PDF p. 143,DIRECT: Noted that Spanish Plume events have been rare in recent years.,29
SP035,CONCEPTUAL_BACKGROUND,SYNOPTIC_PATTERN,DIRECT: High values of  $\theta_e$  at 850 hPa; warm and humid air masses from southerly currents.,"$\theta_e$  at 850 hPa,  $\theta_e$  at mid-levels, CAPE, SRH, 500 hPa trough tilt.","DIRECT: Warm, humid air advected from the Iberian Peninsula/Spanish plateau toward western Europe ahead of an upper-level trough.",INDIRECT: Synoptic analysis and upper-level charts showing southwesterly flow from Spain/North Africa.,CLASSIC,DIRECT: Elevated Mixed Layer (EML) inhibits spontaneous deep convection due to an accompanying ‘cap’.,ASSERTED_ONLY: Characterized by an EML that requires a well-defined triggering mechanism to initiate convection.,DIRECT: Triggering mechanism required; dynamic lifting from negatively tilted trough and differential positive vorticity advection (DPVA).,INDIRECT: Alaro-4 km and ETA models successfully predicting pressure disturbances and convective initiation.,"DIRECT: Derecho, QLCS, bow echoes, severe straight-line winds, and tornadoes in France, Belgium, and Netherlands.",PRESENT,A spanish plume is often characterized by an Elevated Mixed Layer (EML) which inhibits spontaneous deep convection due to the accompanying ‘cap’.,PDF p. 4,DIRECT: Notes difficulties in RADAR detection and the need for rapid damage surveys.,30
SP036,CASE_APPLICATION,EVENT_LABEL,NR,NR,NR,NR,NR,NR,NR,NR,NR,"Severe thunderstorms, torrential rain, and flash flooding in Scotland (Edinburgh, Inverness, Falkirk, Elderslie) during Summer 2011.",NR,"Though not the ‘Spanish plume’ scenario for widespread severe thunderstorms, the above weather patterns do produce some of the UK’s most thundery spells.",PDF p. 20,DIRECT: Explicitly states the 2011 cases were not the Spanish Plume scenario but notes their similarities in impact.,31
SP037,ANALYTICAL_FOCUS,SYNOPTIC_PATTERN,DIRECT: Bulge of very warm air; brisk southwesterly airflow at 500mbar.,"500mbar and surface charts, dew points ( $16\text{--}18^{\circ}\text{C}$ ).",DIRECT: Bulge of very warm air over western Europe ahead of a sharpening upper trough.,DIRECT: Reanalysis of 500mbar contour charts for June 1897.,CLASSIC,DIRECT: Sharpening upper trough approaching Ireland and Biscay.,DIRECT: 500mbar chart analysis (gpdm).,DIRECT: Surface low centers/shallow depression over northwest France/eastern England.,DIRECT: Surface synoptic chart for 0800 GMT on 24 June 1897.,"DIRECT: Severe thunderstorms, violent squalls, and hailstorms in Essex and Bedfordshire.",PRESENT,The 500mbar and surface chart for 0000 GMT on 24 June 1897 (Figure 1) shows a classic ‘Spanish Plume’ scenario,PDF p. 4,DIRECT: Observation site at Brixton was probably slightly sheltered.,32
SP038,CONCEPTUAL_BACKGROUND,SYNOPTIC_PATTERN,"DIRECT: hot, humid air converges on cooler air aloft advancing from the Atlantic.",NR,DIRECT: move into southern Britain from France.,ASSERTED_ONLY: general climatological description.,CLASSIC,NR,NR,DIRECT: pre cold-frontal convergence.,ASSERTED_ONLY: stated as a cause for southern Britain storms.,DIRECT: thunderstorms in southern Britain.,PRESENT,the 'Spanish plume' – converges on cooler air aloft advancing from the Atlantic.,PDF p. 148,NR,33
SP039,CONCEPTUAL_BACKGROUND,SYNOPTIC_PATTERN+OTHER,CITED_ONLY: Referenced as a Saharan plume or Spanish plume associated with warm air flow.,$0^{\circ}\text{C}$  level; 600 hPa wind; Vmax; CAPE;  $\theta_w$ .,CITED_ONLY: Saharan dust outbreak or Spanish plume flow associated with Portugal low positions.,CITED_ONLY: References to Carlson and Ludlam (1967) and Dessens and Van Dinh (1990).,OTHER,NR,NR,NR,NR,DIRECT: Extreme hail events in Southwestern France (Atlantic and Pyrenean regions).,NR,"All the Atlantic cases belong to this class... in two cases (6 July 1989 and 25 July 1996), a major Saharan dust outbreak...",PDF p. 10,DIRECT: Potential bias related to hailpad network distribution/density.,34
SP040,CONCEPTUAL_BACKGROUND,SYNOPTIC_PATTERN+FORECASTING_CONCEPT,"DIRECT: Low-level maritime-tropical Mediterranean air topped by dry, hot Iberian air mass (elevated mixed layer) acting as a cap.","850hPa  $\theta_e$ , 500hPa/300hPa jet streaks, CAPE, SRH, 700hPa origin.","DIRECT: Midlevel air (700hPa) originates over the dry, hot Iberian Peninsula, advected over Switzerland/France.",ASSERTED_ONLY: General synoptic description of the configuration common for Swiss severe weather.,CLASSIC,DIRECT: Warm layer or 'cap' from Iberian Peninsula introduces a lid over moisture-rich Mediterranean air.,DIRECT: Nîmes sounding (28 Aug 2003) showing moist low levels overridden by dry elevated mixed layer.,DIRECT: Large-scale ascent in the left-exit region of an upper-level jet streak and low-level wind channeling.,DIRECT: COSMO-7 and ECMWF model data showed deep upper-level trough over the Iberian Peninsula.,"DIRECT: Tornadic supercell, EF1/EF2 tornadoes, 161km/h microburst, 5cm hail; Lake Geneva, Switzerland, France.",NR,"The synoptic setup resembled a ‘‘Spanish plume’’ configuration with low-level warm, moist air from the Mediterranean Sea overridden by a drier",PDF p. 1528,DIRECT: COSMO-2 model underestimated observed postfrontal winds.,35
SP041,CONCEPTUAL_BACKGROUND,FORECASTING_CONCEPT,"INDIRECT: Mentions warm/dry air overtopping a moist boundary layer, advecting sub-tropical air from northern Africa.","Z500, ULJ, LLJ, TROPHGT,  $\theta_e$  (850 hPa), PW, MSLP.",INDIRECT: Advection of sub-tropical air from northern Africa towards the Mediterranean creating a very unstable environment.,CITED_ONLY: Refers to Carlson et al. (1983) and the Spanish plume conceptual model.,OTHER,DIRECT: Warm and dry air capping a very moist Mediterranean boundary layer; mid-level diffluence and upper-level upward motion.,"DIRECT: Analysis of vertical sounding profiles showing ""loaded gun"" or EML profiles.",DIRECT: Tropopause dynamical anomaly coupled with local maxima of upper and low level wind speed.,DIRECT: Use of geostationary MSG satellite imagery and ECMWF gridded analyses to track 269 DCS cases.,"DIRECT: Heavy rain, tornadoes, large hail, straight-line winds in the Mediterranean.",UNCLEAR,"warm and dry air capping very moist Mediterranean boundary layer, a situation similar to the Spanish plume conceptual model.",PDF p. 162,DIRECT: Short-duration record (4 years); difficulty in understanding convective initiation over water.,36
SP042,CONCEPTUAL_BACKGROUND,SYNOPTIC_PATTERN,CITED_ONLY: plume of continental air,"CAPE ( $>2700\text{ J/kg}$ ), surface dew-point ( $20.8^{\circ}\text{C}$ ), 0–6km wind shear",CITED_ONLY: mid-level airflow appears to have been just sufficiently backed to carry the plume of continental air further northwest,INDIRECT: surface analysis and Larkhill radiosonde,CLASSIC,DIRECT: capping inversion associated with a warm layer between 900 and 850mbar,DIRECT: Larkhill radiosonde ascent for 0900 UTC,DIRECT: cyclonic vorticity advection and rising surface temperatures weakened capping inversion,INDIRECT: satellite water vapour imagery and Watnall soundings,"hail ( $\ge 75\text{mm}$ ), supercell, tornado, flash flooding; English Midlands.",NR,The situation is consistent with the 'classic' Spanish Plume scenario of Lewis and Gray (2010). Severe thunderstorms occurring in this classic scenario are typically,PDF p. 6,ASSERTED_ONLY: Uncertainties associated with relative proportion of rain and hail in radar reflectivity,37
SP043,CASE_APPLICATION,OTHER,DIRECT: Mesoscale warm anomaly with dewpoints  $13\text{--}15^{\circ}\text{C}$  (850mb WBPT  $>14^{\circ}\text{C}$ ) and upper-level dry tongue advected from the west.,"850mb WBPT, integrated-column water vapour (IWV), 300mbar relative vorticity, and radar rainfall rates.",DIRECT: The warm anomaly formed over southern England via daytime heating and drifted northwards; additional moisture advected from the west.,"INDIRECT: Soundings and IWV maps track the mesoscale feature from southern Britain to northern England, rather than Iberia.",OTHER,DIRECT: Atmosphere initially 'well-capped' at 750mbar by an inversion; later modified by strong cooling aloft ( $750\text{--}450\text{mbar}$ ) and moistening.,DIRECT: Radiosonde profiles at Nottingham (0000 UTC) and Albemarle (1200 UTC) show the transition from capped to deeply unstable.,DIRECT: Coupling of upper tropospheric forcing (strong positive vorticity advection) with a pre-existing mesoscale warm anomaly.,DIRECT: NAE model forecast charts showing high vorticity advancing over the WBPT anomaly followed by rapid convection expansion.,"DIRECT: Heavy thunderstorms, lightning, and local flooding in Northeast England.",NR,"Although the case under discussion has some similarities with this phenomenon, it occurred on a much smaller scale but nevertheless had a significant local impact.",PDF p. 217,DIRECT: Models produced a major false-alarm for Edinburgh for the following night.,38
SP044,PASSING_MENTION,SYNOPTIC_PATTERN,NR,NR,INDIRECT: Imported from the near-Continent.,ASSERTED_ONLY: Mentioned as a synoptic situation for imported summer thunderstorms.,UNCLASSIFIED,NR,NR,NR,NR,DIRECT: Significant thunderstorms in South East England and East Anglia.,NR,"The risk of significant thunderstorms increases everywhere in summer - either 'home-grown' or imported from the near-Continent, the latter sometimes in 'Spanish plume' synoptic situations.",PDF p. 61,NR,39
SP045,PASSING_MENTION,OTHER,DIRECT: Tropical continental (Tc) air usually stable; very warm or hot in summer; can be destabilised by Spanish plume events.,NR,DIRECT: Tc air from Central/southern Europe; SE wind direction.,CITED_ONLY: Referenced generally in air mass Table 1.,UNCLASSIFIED,ASSERTED_ONLY: Destabilisation of Tropical continental air.,NR,NR,NR,NR,NR,Very warm or hot... Can be destabilised by Spanish plume events,PDF p. 8,NR,SP045
SP046,CASE_APPLICATION,SYNOPTIC_PATTERN+EVENT_LABEL,DIRECT: Warm air plumes/elevated southerly plumes advected northwards from France/Iberia.,"CAPE (exceeding  $3000\text{ J kg}^{-1}$ ), SBCAPE, 850 hPa temperature.",DIRECT: Advection of warm air to occur from Iberia or France.,DIRECT: WRF model simulation and 850 hPa temperature maps.,CLASSIC,DIRECT: Shortwave trough destabilizing the plume; presence of high CIN.,DIRECT: WRF-simulated 850 hPa geopotential height analysis.,DIRECT: Shortwave trough providing necessary forcing/lift.,DIRECT: Infrared satellite imagery and WRF simulations.,"DIRECT: Severe convection, heavy rain, hail, lightning, damaging winds, and tornadoes in Great Britain.",PRESENT,"During this 2-day event, a Spanish plume, as first described by Morris (1986), gradually migrated northeastwards across the British Isles",PDF p. 5,DIRECT: WRF appears to frequently exaggerate dewpoint temperature and overestimate CAPE.,40
SP047,PASSING_MENTION,OTHER,NR,NR,NR,NR,NR,NR,NR,NR,NR,NR,NR,NR,NR,NR,41
SP048,CASE_APPLICATION,SYNOPTIC_PATTERN+EVENT_LABEL,"DIRECT: Relatively moist air mass, potential vorticity advection from France, low-level convergence, significant wind shear, weak CAPE (300 J/kg).","Surface  $\theta_w$  ( $15^{\circ}\text{C}$ ), Lifted Index ( $-1$  to  $-2$ ), 500hPa/300hPa wind vectors, CAPE, potential vorticity, convergence streamlines.",INDIRECT: Moisture and upper-level potential vorticity forcing advected northwards from France/South of France.,DIRECT: Water-vapour imagery correlation with potential vorticity areas and mid/upper-level flow from the south-southeast.,OTHER,DIRECT: Depth of instability enhanced by upper-level potential vorticity forcing and advection of colder air in the upper profile.,DIRECT: Water-vapour imagery and radiosonde data (Larkhill) showing wind shear and potential instability.,"DIRECT: Locally generated along convergence lines, assisted by surface heating and sea breezes.",DIRECT: Synoptic analysis of wind-flow streamlines showing convergence zone.,"Heavy rain, thunderstorms, flash flooding (Crewkerne, Somerset).",UNCLEAR,"The convective activity, however, was not typical of a classic ‘Spanish Plume’ event because the thundery cells... formed locally.",PDF p. 2,DIRECT: Radar and rain-gauge networks failed to fully capture the intensity of very localised heavy rain.,42
SP049,CASE_APPLICATION,EVENT_LABEL+FORECASTING_CONCEPT,"DIRECT: Warm airmass advected slowly southwards/from the north, unlike standard import from the continent.","850hPa WBPT, potential vorticity (PV), CAPE, water vapour imagery, sferics.","DIRECT: Warm airmass advected slowly southwards from the north-northwest, coinciding with an upper trough.",DIRECT: 850hPa WBPT air ( $14^{\circ}\text{C}$ ) migrated south from Scotland/northern periphery of high pressure.,OTHER,"DIRECT: Diurnal heating, mid-tropospheric cooling, and dynamical ascent via potential vorticity advection (PVA).",DIRECT: Nottingham radiosonde ascent showed a 'warm nose' above 800hPa acting as an inhibitor initially.,DIRECT: Upper trough approaching from the north-northwest and cold advection aloft overrunning lower layers.,DIRECT: Real-time water vapour imagery tracked a darker area/upper vorticity maximum over Ireland moving southeast.,"DIRECT: Frequent lightning, large hourly rainfall ( $>50\text{mm}$  locally), thunderstorms, MCS; Southern England.",NR,"The meteorological aspects of this case were very interesting since, in contrast to a Spanish Plume, a warm airmass was being advected slowly southwards.",PDF p. 1,DIRECT: High-resolution models struggled with exact lightning frequency and intensity.,43
SP050,CASE_APPLICATION,SYNOPTIC_PATTERN,DIRECT: characterizes it by steep lapse rates in the midtroposphere and dry air in a shallow layer around the 850-hPa level.,"Steep lapse rate (900–300 hPa), dry air (900–800 hPa), surface thermal low, CAPE (1500 J/kg), DCAPE.",DIRECT: Air mass originating from the Spanish Plateau.,CITED_ONLY: Cites Carlson and Ludlam (1968) and van Delden (1998).,CLASSIC,"DIRECT: A layer of dry air, sometimes with a weak inversion, prevents moist shallow convection, allowing accumulation of water vapor in the boundary layer.","DIRECT: Sounding at Trappes, France (0000 UTC 18 August 2011) showed dry air between 900 and 800 hPa.",DIRECT: Forcing mechanism required to develop large cumulonimbus; thermal surface low moving northward under solar heating and upper-level trough.,DIRECT: Observed convective cells near France-Belgium border at 1300 UTC evolving into a bow echo with bookend vortex.,"DIRECT: 18 August 2011; Pukkelpop festival, Belgium. Downburst, bow echo, heavy rain, hail, wind gusts 29–37 m/s.",NR,A Spanish plume is characterized by steep lapse rates in the midtroposphere and dry air in a shallow layer around the 850-hPa level.,PDF p. 5,DIRECT: Uncertainties in entrainment/friction rate of downdraft schemes.,44
SP051,PASSING_MENTION,OTHER,NR,NR,"CITED_ONLY: linked to mesoscale convective systems that hit France, UK and Germany at end of July 2013.",CITED_ONLY: Holley et al. (2014).,UNCLASSIFIED,NR,NR,NR,NR,DIRECT: thunderstorms and associated hailstorms causing record-breaking economic losses in Germany.,NR,"These thunderstorms and associated hailstorms were related to the so-called ‘Spanish Plume’ (Holley et al., 2014) and caused record-breaking economic losses...",PDF p. 8,NR,45
SP052,CASE_APPLICATION,SYNOPTIC_PATTERN,"DIRECT: Strong southerly flow advecting very warm and moist air (surface dewpoints  $19\text{--}22^{\circ}\text{C}$ , 850hPa  $\theta_e > 65^{\circ}\text{C}$ ) from Iberia.","500 hPa geopotential height, 850 hPa equivalent potential temperature ( $\theta_e$ ), CAPE, and passive fluid tracer mixing ratios.","DIRECT: Warm, moist air advected from the Iberian Peninsula and Mediterranean Sea to Benelux/Germany by strong southerly flow.",DIRECT: COSMO model analysis of 500 hPa geopotential and 850 hPa  $\theta_e$  field for 12 July 2010.,UNCLASSIFIED,"DIRECT: Potentially unstable prefrontal layer ( $d\theta_e/dz < 0$ ) reaching up to 5 km agl, with lifting forced by cold pool outflow boundary.",DIRECT: Radiosoundings at Essen and Idar-Oberstein reporting CAPE values of 1041–1312 J/(kg K).,DIRECT: Prefrontal low-level convergence forces the initialization of convection and subsequent squall line formation ahead of a cold front.,DIRECT: Model reanalyses showing developing convergence line and surface pressure patterns (mesolow/mesohigh).,"DIRECT: Squall line, heavy rainfall (20–64mm), hail, and damaging wind gusts (17–29 m/s) over NL and GER.",PRESENT,This synoptic situation is commonly referred to as a ‘Spanish Plume’ weather event.,PDF p. 3298,DIRECT: Simulated squall line shifted 100km southwest of observations.,46
SP053,PASSING_MENTION,SYNOPTIC_PATTERN,NR,Convective adjustment timescale; CAPE; precipitation rate; wind direction.,DIRECT: Non-equilibrium convection in the British Isles may occur in 'Spanish plume' synoptic scenarios when initiated on the European continent.,CITED_ONLY: Referenced via Lewis and Gray (2010).,UNCLASSIFIED,NR,NR,NR,NR,Convective precipitation and potential flash floods over the British Isles.,NR,"This may occur, for example, in ‘Spanish plume’ synoptic scenarios (Lewis and Gray, 2010).",PDF p. 1542,Model biases in precipitation intensity and convective initiation timing.,47
SP054,PASSING_MENTION,EVENT_LABEL,NR,NR,NR,NR,NR,NR,NR,NR,NR,NR,NR,On occasion trough lines appear within warm sectors – what is the user to infer from this? Split front? Spanish Plume? A splash of unexplained rain?,PDF p. 172,NR,48
SP055,CASE_APPLICATION,EVENT_LABEL+SYNOPTIC_PATTERN,"DIRECT: Hot, humid air from a Spanish plume.",NR: Focus is on 4D-Var NWP nowcasting performance.,DIRECT: Spanish plume ahead of frontal systems pushing in from the west.,CITED_ONLY: Met Office surface analysis and synoptic pattern descriptions.,UNCLASSIFIED,NR: General reference to humid air and frontal interaction.,NR,DIRECT: Frontal systems pushing in from the west.,DIRECT: Surface analysis for 1200 UTC 28 June 2012 (Figure 8).,"DIRECT: Severe thunderstorms, torrential downpours, flash flooding, and golf-ball sized hail in Central and Northeast England.",NR,"On 28 June 2012 there were severe thunderstorms associated with hot, humid air from a ‘Spanish plume’ ahead of frontal systems pushing in...",PDF p. 480,"DIRECT: NWP forecasts at 1.5 km resolution can appear too patchy, isolated, and intense compared to radar observations.",49
SP056,ANALYTICAL_FOCUS,AIRSTREAM+SYNOPTIC_PATTERN,DIRECT: Warm air advected northward; deep and dry convective boundary layer; manifest as a thermal ridge at 850 hPa.,"Q-vector diagnostics, potential temperature (850 hPa), midlevel temperature lapse rates, surface velocity convergence.",DIRECT: Originates from the elevated terrain of the Iberian Peninsula and northern Africa.,DIRECT: WRF modeling and NCEP-NCAR Reanalysis show southwesterly flow extending from southwestern into central Europe.,CLASSIC,DIRECT: Presence of an elevated mixed layer (EML) allows potential for large CAPE to develop.,DIRECT: WRF fields of temperature lapse rate between 850 and 700 hPa show maxima associated with the EML.,DIRECT: Quasigeostrophic (QG) vector frontogenesis at the western periphery of the EML plume forces upward motion.,DIRECT: WRF output shows surface velocity convergence coincident with ascending branch of ageostrophic circulation.,"DIRECT: Severe convective weather, thunderstorms, and horizontal wind convergence lines over France, Germany, and the UK.",PRESENT,"Over Europe, the main source for EMLs is the Iberian Peninsula, and the respective EML is sometimes referred to as a Spanish plume.",PDF p. 3,DIRECT: QG diagnostics reflect leading-order effects; mesoscale noise in model output.,50
SP057,CONCEPTUAL_BACKGROUND,SYNOPTIC_PATTERN,"CITED_ONLY: originally formed over NW Africa or Iberian Plateau, hot continental air mass at mid-levels.","CITED_ONLY: 700–500 hPa well-mixed layer decoupled from ground, warm air aloft, instability.","CITED_ONLY: advected to the NE downstream of an extended trough, creating an elevated mixed layer.","CITED_ONLY: attributed to Browning and Hill (1984), Morris (1986), and Carlson and Ludlam (1968).",EUROPEAN_EASTERLY,CITED_ONLY: lifting by synoptic-scale processes or flow over large-scale mountains creating an elevated mixed layer.,CITED_ONLY: EML confirmed as factor for intense storms such as Munich hailstorm and supercells in Germany.,CITED_ONLY: lifting of the air mass by synoptic-scale processes or flow over mountains.,CITED_ONLY: case studies mentioned such as the Munich hailstorm and event Andreas.,"DIRECT: large hail affecting Central and NW Europe, including Munich (Germany) and Belgium.",PRESENT,Several exceptional severe hailstorms in Central and NW Europe were found to be related to a well-mixed and hot continental air mass at mid-levels.,PDF p. 18,"DIRECT: questions remain regarding changes in moisture sources, storm organization, and wind shear relations.",51
SP058,ANALYTICAL_FOCUS,SYNOPTIC_PATTERN,DIRECT: Warm and moist plume extending from Spain to central Europe; elevated mixed layer well visible in radiosonde measurements upstream of the Alps.,850 and 700 hPa equivalent potential temperature ( $\theta_e$ ); CAPE ( $>900\text{ J/kg}$ ); vertical wind shear ( $>20\text{ m/s}$ ).,DIRECT: Warm air appears to be advected horizontally from North Africa rather than from Spain.,INDIRECT: ECMWF equivalent potential temperature fields and 0000 UTC radiosonde measurements in Southern France showing an elevated mixed layer.,MODIFIED,DIRECT: Elevated mixed layer atop a sharp capping inversion; small-scale terrain features locally reducing CIN and increasing CAPE.,DIRECT: Radiosonde measurements and WRF model hindcast simulations showing CIN  $< 30\text{ J/kg}$  in the pre-storm environment.,DIRECT: Combination of orographically induced convergence and convergence ahead of a cold pool from earlier convection.,DIRECT: WRF simulation features convection initiated by orographically induced convergence and convergence ahead of a prefrontal cold pool.,"Large hail, severe winds, and supercell storm track along the Alpine main crest (Switzerland to Austria); 2 August 2007.",PRESENT,These synoptic conditions bear a superficial similarity to a weather setting known as the Spanish plume.,PDF p. 4,DIRECT: Limited availability of radar observations; simulation initiation shifted 100km northeast.,52
SP059,CONCEPTUAL_BACKGROUND,EVENT_LABEL,NR,NR,"ASSERTED_ONLY: Advection of hot, humid air northwards from the Iberian Peninsula.",NR,NR,NR,NR,NR,NR,Increased risk of convective thunderstorms in the UK.,NR,"During a Spanish Plume event, hot and humid air is advected northwards from the Iberian peninsula creating increased risk of convective thunderstorms.",PDF p. 76,ASSERTED_ONLY: Spanish Plume is mentioned in a footnote to explain the benefit of an extended model domain.,53
SP060,CASE_APPLICATION,SYNOPTIC_PATTERN,DIRECT: Major scenario for widespread severe thunderstorms.,DIRECT: Synoptic situation and airflow scenario (Scenario 1).,CITED_ONLY: Major scenario for widespread severe thunderstorms (Lewis and Gray 2010).,CITED_ONLY: Based on Lewis and Gray (2010) and Met Office (2017).,MODIFIED,NR,NR,NR,NR,DIRECT: Thunderstorms causing lightning deaths in the UK.,NR,Only four of the days occurred in the classic or modified Spanish Plume situation... the major scenario for widespread severe thunderstorms,PDF p. 12,DIRECT: Only 4 of 19 fatal lightning incident days analyzed occurred in this plume situation.,54
SP061,CASE_APPLICATION,EVENT_LABEL+AIRSTREAM,"DIRECT: Hot, dry air from Spanish Plateau (EML) over moist boundary layer (Biscay/France), characteristic of a classic Spanish Plume.","CAPE (1200–3000 J/kg), deep layer shear (40kn), EML (825–500hPa), surface temp ( $35^{\circ}\text{C}$ ), wet-bulb temp increase.","DIRECT: Air originated from Spanish Plateau, France, Iberia, and the Bay of Biscay boundary layer.",DIRECT: NAME III 66h backward trajectories ending above Leeds at 1800 UTC 1 July 2015.,CLASSIC,DIRECT: Elevated Mixed Layer (EML) providing steep lapse rates; capped low-level moisture; high CAPE.,DIRECT: Radiosonde ascents (Nottingham/Watnall) and AMDAR vertical profiles showing EML and 'warm nose' erosion.,DIRECT: Sea breeze front (Storm 2); shortwave trough/vorticity filaments; gravity waves from earlier deep convection.,"DIRECT: Radar 'clear air' echo, water vapour imagery, and AMDAR/WOW observations.","DIRECT: Severe thunderstorms, large hail ( $>20\text{mm}$ ), downburst/microburst (45–50kn), surface water flooding; Northern England, Scotland.",PRESENT,"main sources of the boundary layer and medium-level air resident... are characteristic of a classic Spanish Plume (Lewis and Gray, 2010).",PDF p. 8,DIRECT: Infrequent sampling of medium/upper flow; trigger for elevated Leeming storm unclear.,55
SP062,CONCEPTUAL_BACKGROUND,SYNOPTIC_PATTERN,CITED_ONLY: Elevated mixed layers originating from the Spanish plateau.,NR,CITED_ONLY: Elevated mixed layers originating from the Spanish plateau frequently lead to thunderstorm tracks.,CITED_ONLY: Morris (1986) is cited for the Spanish Plume conceptual model and its origin.,UNCLASSIFIED,NR,NR,NR,NR,NR,NR,"Elevated mixed layers originating from the Spanish plateau, known as the Spanish Plume (Morris, 1986), frequently lead to the formation of thunderstorm tracks",PDF p. 1323,NR,56
SP063,CASE_APPLICATION,SYNOPTIC_PATTERN + EVENT_LABEL,DIRECT: Warm and dry air lifted from the Spanish plateau advected toward western Europe.,Elevated mixed layer (EML) between 800 and 650 hPa; steep lapse rates of 7–9 K/km.,DIRECT: Advected toward western Europe ahead of an upper-air trough.,CITED_ONLY: Morris (1986); van Delden (1998).,CLASSIC,DIRECT: EML capped energy leading to significant convective inhibition (CIN) in a 'loaded-gun' scenario.,DIRECT: Bergen-Hohne sounding showing capping inversion between 800 and 650 hPa.,DIRECT: Outflow of decaying MCS above northern France triggered uplift to overcome CIN.,DIRECT: Remote sensing data and numerical weather prediction model data (COSMO).,"DIRECT: Intense bow echo, hurricane-force wind gusts (40 m/s), large hail, and fatalities in Belgium and Germany.",PRESENT,The main contributor to these steep lapse rates is the Spanish plume (Morris 1986; van Delden 1998).,PDF p. 74,DIRECT: Operational NWP models mostly failed to forecast the storm.,57
SP064,PASSING_MENTION,SYNOPTIC_PATTERN,DIRECT: layers of very high lapse rates in the mid-troposphere that in combination with high low-level humidity create high CAPE,"CAPE, CIN, rh850–500, DLSmax, LLSmax, LR850–500",DIRECT: advected off the Spanish Plateau over western Europe,CITED_ONLY: cited Carlson and Ludlam (1968); van Delden (2001),UNCLASSIFIED,DIRECT: low mid-tropospheric humidity and the CIN that often accompanies these air-masses prevent convective initiation,DIRECT: identification of favorable environments in ERA-Interim reanalysis data,DIRECT: convective initiation occurs first along the periphery of such air-masses where humidity and CIN effects are smaller,DIRECT: reanalysis showing lightning frequency decreases below 15% for relative humidity below 50%,Thunderstorms; Western Europe,NR,"advected off the Spanish Plateau over western Europe where they are called a ‘Spanish Plume’ (Carlson and Ludlam, 1968; van Delden, 2001).",PDF p. 67,DIRECT: Resolution of reanalysis may be insufficient; limited to central Europe.,"18, 58"
SP065,CASE_APPLICATION,SYNOPTIC_PATTERN,DIRECT: Moist air capped by warmer but dry air moving from the southwest into northwestern Europe.,"ML-CAPE (2000–3000 J/kg), deep-layer bulk wind differences (15m/s), SRH ( $200\text{ m}^2\text{/s}^2$ ).",DIRECT: Elevated mixed layer (EML) generated over the Iberian Plateau and advected by southwesterly flow.,DIRECT: Radiosonde from Bergen at 1800 UTC 9 June 2014 and COSMO-EU analysis.,UNCLASSIFIED,DIRECT: EML (800–650hPa) with nearly dry adiabatic lapse rate capping a moist boundary layer ('loaded gun').,DIRECT: Radiosounding showing dry well-mixed layer and moist boundary layer with little spread.,DIRECT: Low-level convergence along a frontal boundary or diabatic heating removing convective inhibition.,ASSERTED_ONLY: Potential mechanisms for initiating surface-based convection in Spanish Plume patterns.,"DIRECT: HP supercell, devastating wind gusts (42m/s), hail, flash flood; North Rhine-Westphalia, Germany.",PRESENT,The Spanish plume... refers to a weather pattern in which moist air capped by warmer but dry air moves into northwestern Europe,PDF p. 62,DIRECT: Lack of radiosonde information through the specific mammatus region.,59
SP066,CASE_APPLICATION,SYNOPTIC_PATTERN+EVENT_LABEL,"DIRECT: very humid, unstable air mass; incursion from the south/southwest; very warm, humid air moved north from Iberia and France.","CAPE, wind shear (40–50kn mid-level), 500 hPa upper trough, 850–700 hPa warm nose, latent instability above 700 hPa.","DIRECT: Plumes of very warm, humid air moving north from Iberia and France, overrun by cooler air at higher levels.",INDIRECT: Mention of Spanish plume scenario as the consequence of exceptional lightning counts.,CLASSIC,DIRECT: Warm nose between 850 and 700 hPa inhibited surface based convection; elevated plume destabilised at mid-levels.,DIRECT: Brest upper air ascent for 1200 UTC on 17 July 2014 showed conspicuous warm nose and deep latent instability.,DIRECT: Potent upper trough to the west; time of maximum insolation; waving cold front; rippling inner frontal zone.,"DIRECT: Nottingham upper air ascent and surface temperature observations (e.g.,  $32.3^{\circ}\text{C}$  at Gravesend).","DIRECT: Violent supercells, MCS, severe hail swathe, flash flooding; English Midlands and Northeast England.",NR,The exceptional lightning counts of 28 June 2012 (Figure 5) were a consequence of a classic ‘Spanish plume’.,PDF p. 7,DIRECT: ATDnet detection efficiency varies diurnally.,SP066
SP067,CASE_APPLICATION,SYNOPTIC_PATTERN+EVENT_LABEL,DIRECT: Tongue of moist air extending from the Tropics.,"Short period rainfall intensity, gauged river levels (15-min intervals).",DIRECT: Moist air extending from the Tropics associated with a series of cold fronts.,CITED_ONLY: Lavers et al. (2013) regarding the 'Toon Monsoon' 2012 event.,UNCLASSIFIED,NR,NR,DIRECT: Series of intense thunderstorms associated with a series of cold fronts.,INDIRECT: Rainfall radar and gauged records of 50 mm rain in  $\approx 2$  hours during the Tyneside event.,"DIRECT: Pluvial flash floods, travel chaos, power outages in Newcastle upon Tyne (2012).",NR,The thunderstorms... were caused by a tongue of moist air extending from the Tropics – often called a ‘Spanish Plume’,PDF p. 5,DIRECT: Difficulty in confirming 'wall of water' descriptions versus gradual swelling.,60
SP068,PASSING_MENTION,EVENT_LABEL,INDIRECT: Collision of warm southerly air (huge water amounts) with cool air from the north.,INDIRECT: Mid-tropospheric advection (500 hPa level) from the southern sector during northern sector lower-level advection.,ASSERTED_ONLY: Compares synoptic situation to the Spanish Plume extreme events over the United Kingdom.,NR,UNCLASSIFIED,NR,NR,INDIRECT: Collision of air masses leads to intensive condensation and sometimes local thunderstorms with heavy rainfalls.,NR,"DIRECT: Extreme precipitation, floods, and heavy rainfalls in the Polish Carpathians and Central Europe.",NR,"To a certain degree, this situation reminds us of the situation with the so-called Spanish Plume extreme events over the United Kingdom",PDF p. 26,DIRECT: Study did not concern very local events with torrential rain due to lack of time-resolution data.,SP068
SP069,PASSING_MENTION,SYNOPTIC_PATTERN,NR,NR,ASSERTED_ONLY: warm humid cyclonic southerly flow with an upper level trough west of the European continent and approaching fronts.,NR,UNCLASSIFIED,ASSERTED_ONLY: unstable situations with high chances of thunderstorm and squall lines.,NR,NR,NR,ASSERTED_ONLY: thunderstorms and squall lines bringing in colder air masses; tropical nights in The Netherlands.,NR,The tropical nights typically occurred when weather conditions were governed by a warm humid cyclonic southerly flow... sometimes referred to as a Spanish plume.,PDF p. 19,NR,61
SP070,CONCEPTUAL_BACKGROUND,EVENT_LABEL+SYNOPTIC_PATTERN,"DIRECT: Warm, dry air from the Iberian plateau moves northwards rising over a layer of cool, moist air from the Atlantic.","CAPE, cloud top temperature, wind shear, instability diagnostics (Boyden and Rackliff), daytime heating.","DIRECT: Warm, dry air from the Iberian plateau (the Spanish plume) moves northwards.",ASSERTED_ONLY: General meteorological description provided as guidance for aviation forecasters.,CLASSIC,DIRECT: Cool air below the Spanish plume layer heats up storing energy which cannot be released convectively while this lower layer is cooler.,ASSERTED_ONLY: Meteorological description of the phenomenon's behavior.,DIRECT: Daytime heating increases the temperature of the lowest layer to above that of the Spanish plume layer.,ASSERTED_ONLY: Description of the mechanism inducing severe thunderstorms.,DIRECT: Severe thunderstorms; high impact events for aviation in the London Terminal Manoeuvring Area.,NR,"A Spanish plume is a meteorological phenomenon in which warm, dry air from the Iberian plateau (the Spanish plume) moves northwards",PDF p. 9,DIRECT: High level of uncertainty around predicting high impact convection.,62
SP071,CASE_APPLICATION,SYNOPTIC_PATTERN,"DIRECT: Warm, moist air from North Atlantic turned northeastwards from Iberia; plume capped by warmer, dry well-mixed air.","Potential vorticity (PV), CAPE (1000–1800 J/kg), convective inhibition, geopotential height (Z250), PMSL.",CITED_ONLY: Plume of air advected northeastwards from Iberia/Spanish plateau.,ASSERTED_ONLY: Favourable conditions from a cut-off low and blocking high allowed warm moist air flow.,MODIFIED,DIRECT: Capping by dry well-mixed air from the Spanish plateau; instability released by frontal temperature gradient.,DIRECT: Convective inhibition limited convection until triggering by upper-level positive vorticity advection.,DIRECT: Vertical motion forced by upper-level positive vorticity advection (PVA) and a cold front.,DIRECT: Satellite imagery showed initiation in southern France; mature MCS by 18 UTC.,"DIRECT: Heavy precipitation ( $>10\text{mm/h}$ ), lightning, MCS; UK and France.",NR,The synoptic environment in which the MCSs formed is consistent with the modified Spanish Plume environment identified by Lewis and Gray (2010).,PDF p. 5,DIRECT: Convection-parametrizing models fail to represent the characteristic PV structure.,63
SP072,CASE_APPLICATION,SYNOPTIC_PATTERN,DIRECT: Mature low west of UK; cold front in slack low pressure; cloud shield spanning SE England to continent.,"PV, CAPE, PMSL, potential temperature.",ASSERTED_ONLY: MCSs developed in a synoptic environment termed the modified Spanish Plume by Lewis and Gray (2010).,CITED_ONLY: Lewis and Gray (2010).,MODIFIED,DIRECT: High CAPE to the east of a trough.,INDIRECT: Composite of 584 events of high CAPE; diagnosis of diabatic and frictional processes.,DIRECT: Convective initiation over southern France early on 5 July.,DIRECT: Satellite imagery and synoptic analysis charts.,"DIRECT: Mesoscale convective systems (MCS), thunderstorms, heavy rain, hail, strong winds; UK, France.",PRESENT,The MCSs developed in a synoptic environment termed the modified Spanish Plume by Lewis and Gray (2010).,PDF p. 13,DIRECT: Convection-permitting models struggle to predict exact location; 4.4-km grid spacing in the convective grey zone.,SP072
SP073,CONCEPTUAL_BACKGROUND,EVENT_LABEL+FORECASTING_CONCEPT,INDIRECT: Advection of an elevated mixed layer (EML) producing a conditionally unstable environment.,"$\theta_e$ , precipitable water (pw), SLI, vertical velocity (w).","DIRECT: Advection of warm, moist, and unstable air masses from southwesterly subtropical regions via Spain and France.","ASSERTED_ONLY: Reference to Spanish Plume conceptual models (Carlson and Ludlam, 1968; Morris, 1986).",CLASSIC,DIRECT: Presence of an Elevated Mixed Layer (EML) leading to conditional instability.,CITED_ONLY: Referenced previous literature for Spanish Plume structure.,INDIRECT: Large-scale dynamic lifting at the western flank of a ridge or ahead of upper-level troughs.,INDIRECT: Jet stream anomaly patterns (300 hPa) and geopotential heights linked to SST anomalies in the Bay of Biscay.,Severe convective storms and thunderstorms over western France and central Europe.,NR,"Associated southerly flow aloft also has an increased likelihood for the advection of an elevated mixed layer (EML), known as the Spanish Plume.",PDF p. 136,DIRECT: Reanalysis data not sufficiently resolving orographically induced circulations.,64
SP074,CASE_APPLICATION,OTHER,DIRECT: advection of warm and humid air masses in the middle troposphere; northern/northeastern advection of cool air masses in low troposphere.,"PW anomalies, SLP anomalies, Z500 anomalies, 72-hour backward trajectories, Pardé coefficient.",DIRECT: Warm humid air transported from Mediterranean in mid troposphere overlapped with cool air masses from north/northeast in low troposphere.,INDIRECT: Composite maps of PW anomalies and back trajectories showing southern advection in higher layers.,EUROPEAN_EASTERLY,DIRECT: Collision of warm southerly air with cool air from the north; humid air masses of southern origin lift slowly over the colder air-layer.,ASSERTED_ONLY: Authors describe this as forming a typical warm front structure reminiscent of the Spanish Plume.,DIRECT: Interaction with terrain landforms (orographic enhancement); slow-evolving cyclonic systems.,DIRECT: Analysis of 17 flood cases in the Polish Sudeten Mountains and hydrographic response.,"DIRECT: Extreme river floods, abundant rainfall, summer floods in Polish Sudeten Mountains.",NR,"Such pattern reminds to a certain degree, the conditions of so-called Spanish Plume over the United Kingdom, which appears in the summer months...",PDF p. 15,DIRECT: Difficulty in defining general synoptic conditions due to rarity of extreme events.,65
SP075,CONCEPTUAL_BACKGROUND,EVENT_LABEL+AIRSTREAM,DIRECT: advection of warm air masses at low levels from southwesterly regions from Spain to France and central Europe.,elevated mixed layer.,DIRECT: flow patterns associated with advection of warm air masses from southwesterly regions from Spain to France and central Europe.,CITED_ONLY: Carlson et al. 1983; Lanicci and Warner 1991; Morris 1986; van Delden 2001.,UNCLASSIFIED,DIRECT: elevated mixed layer.,CITED_ONLY: Carlson et al. (1983); Lanicci and Warner (1991).,NR,NR,DIRECT: produces a conducive environment for the development of (severe) thunderstorms in Western and Central Europe.,NR,and a Spanish plume event (Morris 1986; van Delden 2001; Piper 2017) often produce a conducive environment for the development of (severe) thunderstorms,PDF p. 11,NR,66
SP076,CONCEPTUAL_BACKGROUND,FORECASTING_CONCEPT+AIRSTREAM,DIRECT: Plume of potentially warm air that flows from Spain towards France associated with slow eastward movement of an upper trough.,850hPa  $\theta_w$ ; surface maximum temperatures; HYSPLIT backward trajectories.,ASSERTED_ONLY: Advection of heat from the subtropics to the British Isles is sometimes referred to as a Spanish Plume.,CITED_ONLY: Met Office (1991) defines it as potentially warm air flowing from Spain towards France.,CLASSIC,NR,NR,CITED_ONLY: Associated with the slow eastward movement of an upper trough often leading to violent thunderstorms.,CITED_ONLY: Meteorological Office (1991) definition cited.,"Extreme heat (July 2019) in UK, France, Germany, Belgium, Netherlands; thunderstorms over France and southern England.",PRESENT,"Advection of heat from the subtropics, to the British Isles, is sometimes referred to as a Spanish Plume.",PDF p. 3,DIRECT:  $\theta_w 850$  results are somewhat subjective as values were visually determined from plotted atmospheric soundings.,67
SP077,CASE_APPLICATION,SYNOPTIC_PATTERN,DIRECT: Relatively hot dry air acting as a lid to the less warm but moist air underneath; cold dry upper air.,"CAPE ( $\approx 3\times 10^3\text{ J/kg}$ ), CIN, 850 hPa potential temperature ( $20\text{--}22^{\circ}\text{C}$ ), vertical wind shear ( $20\text{--}30\text{ m/s}$ ).",DIRECT: Relatively hot dry air was advected from the Iberian Peninsula over the Pyrenees to the north.,DIRECT: GFS reanalysis and WRF modeling showing deep southwesterly flow from Spain towards the Netherlands.,CLASSIC,DIRECT: Capping of the middle atmosphere by advected hot dry air (elevated mixed layer) created a 'loaded gun' scenario.,"DIRECT: Radiosonde observations indicating potentially highly unstable atmosphere over northern France, Belgium, and Netherlands.","DIRECT: Frontogenesis and surface heating broke the inversion, overcoming convective inhibition (CIN).",DIRECT: Model simulations (WRF) and radar observations showing MCS formation as CIN was overcome.,"DIRECT: Hail (10 cm diameter), wind gusts, downbursts, heavy precipitation, lightning; Noord-Brabant, Netherlands.",NR,The extreme weather was a result of a Mesoscale Convective System (MCS) formed by a Spanish plume over Europe.,PDF p. 2,DIRECT: Grid scale (4km) may be too coarse to properly represent convective development explicitly.,68
SP078,PASSING_MENTION,EVENT_LABEL,NR,NR: Primarily discusses precipitable water (PW) and rainfall accumulations.,NR: Primarily focused on UK daytime convection.,NR: Excluded from main study because of wind speed constraints.,NR,CITED_ONLY: Associated with elevated convective instability.,NR,NR,NR,NR: Noted as an important variety of convection in the UK.,NR,"‘Spanish Plume’ events (Morris, 1986)—an important variety of convection in the UK associated with elevated convective instability—are excluded because of the above wind speed constraint.",PDF p. 14,DIRECT: Spanish Plume events excluded from study due to moderate-to-strong flow aloft and lack of surface-based triggers.,69
SP079,CASE_APPLICATION,SYNOPTIC_PATTERN,"DIRECT: Hot, moist and unstable southerly airflows; convergence line ahead of a cold front.","ERA Interim reanalysis fields (PMSL, Z200, CWV, IVT); dewpoint temperature.","DIRECT: Thundery showers moved north over northern Wales, probably associated with a mesoscale convective system.",INDIRECT: Analysis of Rhydymain event (3 July 2001) using ERA-Interim and Met Office daily summaries.,MODIFIED,"DIRECT: Instability within hot, moist southerly airflows.",INDIRECT: Corroborated by reports of heavy and thundery showers/localised downpours.,DIRECT: Convergence line ahead of a cold front.,INDIRECT: Rhydymain 2001 event coincided with reports of convergence line ahead of cold front.,"DIRECT: Intense sub-daily rainfall, thunderstorms, and mesoscale convective systems over the UK.",PRESENT,probably associated with a mesoscale convective system as part of a “modified” Spanish Plume synoptic pattern (Lewis and Gray 2010).,PDF p. 8,DIRECT: Lack of confirmation of some events in independent records.,70
SP080,CONCEPTUAL_BACKGROUND,SYNOPTIC_PATTERN,"CITED_ONLY: Constellation where southerly-to-southwesterly winds advect unstable, warm, and moist air masses from the Mediterranean.","CITED_ONLY: Wind shear, large-scale lifting, moisture, and instability.","CITED_ONLY: Advection of unstable, warm, and moist air masses from the Mediterranean downstream of a mid-troposphere trough.","CITED_ONLY: Cites Morris (1986), Graf et al. (2011), and others regarding the 'Spanish plume' constellation.",EUROPEAN_EASTERLY,NR: Mentions advection of unstable air but does not detail capping/lid mechanisms.,NR: Focuses on radar-derived hail tracks and environmental composites rather than capping layers.,"CITED_ONLY: Trough creates environment with increased wind shear and large-scale lifting, often referred to as Spanish plume.",CITED_ONLY: Refers to general synoptic patterns favoring organized convection downstream of a trough.,"DIRECT: Severe convective storms, primarily large hail; Germany, France, Belgium, Luxembourg.",PRESENT,"This constellation is often referred to as ‘Spanish plume’ (Morris, 1986).",PDF p. 1881,DIRECT: Underreporting of hail events in ESWD; spatial bias; radar detection false-alarm rates.,SP080
SP081,CONCEPTUAL_BACKGROUND,SYNOPTIC_PATTERN,DIRECT: Elevated mixed layer (EML) advected from the Iberian Peninsula.,CITED_ONLY: Referenced in relation to synoptic patterns supporting severe weather outbreaks.,DIRECT: EML forms over Iberia and is displaced by favorable southerly wind components.,CITED_ONLY: Cites Carlson and Ludlam (1968) for EML formation and transport.,CLASSIC,INDIRECT: Linked to severe weather outbreaks over western Europe.,CITED_ONLY: Cites Hamid (2012) and Mathias et al. (2017).,NR,NR,"DIRECT: Severe weather outbreaks; Western Europe, France, Germany.",NR,so-called Spanish plume events displacing EML from the Iberian Peninsula are typically linked to severe weather outbreaks over western Europe,PDF p. 8,DIRECT: EML development is comparatively rare without a favorable southerly wind component in Europe.,71
SP082,CASE_APPLICATION,SYNOPTIC_PATTERN + EVENT_LABEL,DIRECT: Poleward advection of very warm air ( $\theta_w > 18^{\circ}\text{C}$ ) from Iberia.,"$\theta_w$  at 850hPa, CAPE (1939 J/kg), PWAT (30–35mm), 500hPa geopotential height.",DIRECT: Strong poleward advection of warm air from Iberia ahead of an amplified upper trough.,DIRECT: Analysis of 850hPa  $\theta_w$  and 500hPa geopotential showing plume from Spain/France.,CLASSIC,DIRECT: Potential instability between 850 and 500hPa; high CAPE released by high surface temperatures/convergence.,DIRECT: Radiosonde profiles from Camborne and model tephigrams for Jersey/Brittany.,DIRECT: High temperatures over France aided by convergence around a surface trough and sea breeze front.,DIRECT: Met Office analysis and radar imagery showing storm initiation over Brittany.,"DIRECT: Torrential rain, frequent lightning, large hail ( $>5\text{mm}$ ), flash flooding; Jersey, Channel Islands.",PRESENT,"This setup can generally be described as a ‘Spanish Plume’ event, where strong poleward advection of warm air from Iberia occurs",PDF p. 2,DIRECT: Rarer for storms to migrate north across the Channel due to low sea-surface temperatures.,72
SP083,ANALYTICAL_FOCUS,SYNOPTIC_PATTERN+EVENT_LABEL,DIRECT: Strong southerly flow with warm and moist air from Iberia capped by warmer but very dry air from the Spanish plateau.,"DIRECT: MSLP, surface pressure field, CAPE, thunder area, lightning intensity, duration, precipitation rate.","DIRECT: Warm moist air flows northwards from Iberia, advecting instability and moisture over Britain and Ireland.","CITED_ONLY: Attributes the ""Spanish Plume"" and Iberia-to-UK transport mechanism to Morris (1986).",CLASSIC,CITED_ONLY: Warm moist air from Iberia capped by warmer but very dry air from the Spanish plateau.,CITED_ONLY: Cites Lewis and Gray (2010) for classic vs modified Spanish Plume baroclinic life cycles.,INDIRECT: Associated with a baroclinic wave on a developing low-pressure system; also orographic lifting in modified cases.,CITED_ONLY: Refers to Lewis and Gray (2010) regarding baroclinic waves and forward tilted troughs.,"DIRECT: Thunderstorms, lightning, severe storms, large hail, and flash flooding affecting Britain and Ireland.",PRESENT,Strong southerly flow with air from Iberia coupled with a low-pressure system to the west of Ireland are notable features of the ‘Spanish Plume’.,PDF p. 11,DIRECT: Difficult to define by pressure patterns alone; some cases diagnosed as Azores high extension.,73
SP084,CASE_APPLICATION,SYNOPTIC_PATTERN,ASSERTED_ONLY: Elevated mixed layer (EML) typically originating from the Iberian plateau advected to central Europe.,"500hPa geopotential height, Significant Hail Parameter (SHIP), Surface Lifted Index (SLI), vertically integrated water vapour (IWV).",DIRECT: EML from the Algerian Sahara crossed the western Mediterranean and Alps to reach central Europe.,INDIRECT: Model backward trajectories.,CLASSIC,DIRECT: Steep mid-tropospheric lapse rates and high potential instability; EML caused strong convective inhibition (capping).,DIRECT: Oberschleissheim and Lindenberg soundings showing well-mixed air capping the moist boundary layer.,"DIRECT: Large-scale lifting downstream of an upper-level trough, low-level convergence lines, and an advancing cold front.",DIRECT: ERA5 reanalysis and surface pressure analysis maps.,"DIRECT: Severe thunderstorms, large hail (up to 6cm), tornadoes, hurricane-force wind gusts, heavy rain in Germany.",NR,"The general flow constellation during these days resembled the Spanish plume pattern (Morris, 1986).",PDF p. 3,DIRECT: Nocturnal overshooting tops not captured by MSG visible channel products.,74
SP085,CONCEPTUAL_BACKGROUND,SYNOPTIC_PATTERN,DIRECT: Imported on a heatwave event.,"DIRECT: Associated with high summer temperatures and Lamb Weather Types (SE, CSE).",DIRECT: Imported from the south.,ASSERTED_ONLY: Mentions arrival in the south Midlands of summer storms imported on a 'Spanish plume'.,NR,NR,NR,INDIRECT: Summer storms imported on a 'Spanish plume' heatwave event; associated with SE and CSE Lamb Weather Types.,NR,"DIRECT: Oxford, UK; Thunderstorms, summer heatwave events.",NR,The timing upon arrival in the south Midlands of summer storms imported on a ‘Spanish plume’ heatwave event will occasionally generate such ‘double counts’.,PDF p. 16,DIRECT: Records of thunder days are inconsistent; background noise can make weak thunder difficult to hear.,75
SP086,ANALYTICAL_FOCUS,SYNOPTIC_PATTERN,"DIRECT: hot, southerly winds from Africa/Spain moving north; potentially unstable air mass running into the rear of the MCS.","MSLP, temperature, wind gusts (72 kt), pressure jump (4.5–6.7 hPa), CAPE (619–1300 J/kg), DCAPE (914 J/kg), Froude number.","DIRECT: Hot, southerly winds move northwards from Africa and Spain across the Bay of Biscay and northern Europe.",DIRECT: Synoptic analysis shows a surface cold front towards Spain and upper pressure trough over the English Channel.,CLASSIC,DIRECT: Release of conditional instability driven by medium-level warm advection and uplift along isentropic surfaces.,DIRECT: Radiosonde vertical profiles (Trappes) showing warm advection between 750–650 hPa and elevated instability.,"DIRECT: Medium-level warm advection, uplift along isentropic surfaces, horizontal convergence, and cold advection at higher levels.",DIRECT: Trappes ascent showing CAPE/DCAPE and MSG IR imagery showing cloud tops rising into the stratosphere.,"DIRECT: Meteotsunami (2m run-up), severe MCS, squall line/derecho, lightning, wind gusts (72 kt); Netherlands, English Channel.",PRESENT,This synoptic pattern is indicative of a ‘Spanish Plume’ event. These events occur periodically over Europe in the spring and summer months...,PDF p. 33,DIRECT: Deterministic NWP models struggle to model convective systems precisely.,76
SP087,PASSING_MENTION,SYNOPTIC_PATTERN,"DIRECT: Low-level southwesterly flow in prefrontal zone, mid-level warm dry air from Iberia, and westerly upper-level cooler Atlantic air.","CAPE, moisture, directional wind shear, and synoptic flow at 500 hPa.",DIRECT: Low-level flow prefrontal to cold front over France; mid-level flow from Iberian peninsula.,"CITED_ONLY: Attributes the ""Spanish plume"" description to Morris (1986) and Peyraud (2013).",EUROPEAN_EASTERLY,DIRECT: High amounts of CAPE and directional wind shear.,CITED_ONLY: Peyraud (2013) cited for vertical change in flow providing beneficial shear.,DIRECT: Lifting occurring through the approaching cold front.,ASSERTED_ONLY: General description of synoptic conditions leading to severe convection.,DIRECT: Mesocyclones and severe convection over Switzerland and France.,PRESENT,"A particularly potent synoptic constellation is called the ‘‘Spanish plume’’, where the low-level southwesterly flow is in the prefrontal zone of an approaching cold front.",PDF p. 7,DIRECT: Classification depends on altitude of transition to westerly flow.,SP087
SP088,CASE_APPLICATION,SYNOPTIC_PATTERN,DIRECT: high CAPE over continental Europe.,"CAPE, sea-level pressure, 500-hPa geopotential height, 850-hPa air temperature.",CITED_ONLY: referenced as a summertime synoptic composite.,NR,CLASSIC,DIRECT: high CAPE over continental Europe.,INDIRECT: ERA5 reanalysis synoptic composite for summertime quasi-linear systems.,DIRECT: Spanish Plume pattern associated with summertime quasi-linear systems.,INDIRECT: synoptic composite analysis.,DIRECT: meteotsunamis and summertime quasi-linear systems in France and English Channel.,NR,broadly consistent with a Spanish Plume pattern Fig. 7c(iii); Carlson and Ludlam 1968; Morris 1986; Lewis and Gray 2010.,PDF p. 1157,NR,77
SP089,CASE_APPLICATION,EVENT_LABEL,INDIRECT: Unstable continental air mass associated with cyclogenesis and severe thunderstorms.,"Surface pressure falls, lightning, rainfall intensity.",ASSERTED_ONLY: Continental air mass drifting northeastwards towards southeast England.,NR: Historical recollection of a specific forecasting shift event.,UNCLEAR,NR,NR,DIRECT: Unexpected cyclogenesis in an unstable continental air mass.,DIRECT: Sudden occurrence of heavy thunderstorms and torrential rain observed at Heathrow Airport.,"DIRECT: Heavy thunderstorms, frequent lightning, torrential rain, airport flooding at Heathrow/SE England.",NR,An early solo shift etched in my mind was a 'Spanish Plume' overnight on 13/14 June 1980 involving cyclogenesis that was totally unexpected.,PDF p. 148,DIRECT: Personal reflection on 40-year-old events; models were much less reliable then.,78
SP090,CASE_APPLICATION,SYNOPTIC_PATTERN + EVENT_LABEL,Warm and moist air,DIRECT: Weather pattern 16; relative lightning flash density (FD) and thunderstorm days (TD).,DIRECT: Southerly flows advecting air from France or the European continent northwards into the UK.,INDIRECT: Analysis of weather pattern 16 (Spanish Plume) and its association with extreme lightning days in southern UK regions.,CLASSIC,NR,NR,ASSERTED_ONLY: Advection of warm moist air from the south/France triggering instability and intense thunderstorms.,INDIRECT: Correlation of weather pattern 16 with high overnight flash counts in the English Channel and South Coastal regions.,Intense thunderstorms and Mesoscale Convective Systems (MCS); SE England and southern coastal regions.,NR,In the summer Southerly and Southwest flows bring warm and moist air to the study area producing widespread thunderstorms within a Spanish Plume (pattern 16),PDF p. 19,Notes uncertainty in LLS detection efficiency and potential spatial/temporal inhomogeneities in lightning data.,79
SP091,CASE_APPLICATION,SYNOPTIC_PATTERN,DIRECT: Characterized as a rearward-sloping cold front with cool northeasterly airflow undercutting milder southwesterly mid-level flow.,"Warm 'nose' between 850 and 650hPa, decreasing wet bulb potential temperatures to 550hPa, wind shear at 900hPa.",INDIRECT: Modified 'Spanish Plume' event with southwesterly flow advecting milder air northeastwards.,DIRECT: Camborne vertical sounding midday 18 June 2022.,MODIFIED,DIRECT: Potential instability released through forced uplift along the frontal surface.,DIRECT: Camborne vertical sounding (Figure 2) shows the warm 'nose' and potential instability above 650hPa.,DIRECT: Forced uplift along a rearward-sloping cold front; ridge of high pressure developing behind it.,DIRECT: Observed unusual pressure patterns and thundery outbreaks over southeast England 18–19 June 2022.,"DIRECT: Britain, Ireland, France; Meteotsunamis, tidal oscillations, thundery outbreaks, pressure anomalies.",NR,"In that sense, it can be thought of as a modified ‘Spanish Plume’ event.",PDF p. 5,NR,80
SP092,PASSING_MENTION,OTHER,NR,NR,NR,NR,UNCLASSIFIED,NR,NR,NR,NR,"DIRECT: Heavy rainfall, mesoscale convective systems; Southern Britain.",NR,"Mesoscale convective systems, such as associated with the Spanish Plume (e.g., Lewis and Gray, 2010), mainly occur in southern Britain.",PDF p. 3200,DIRECT: Rarity of events makes it difficult to link them to any particular clustered class in the study.,81
SP093,PASSING_MENTION,SYNOPTIC_PATTERN,INDIRECT: Displacing elevated mixed-layer from the Iberian Peninsula into Western and Central Europe.,"INDIRECT: CAPE (mean 1678 J/kg), S06 (mean 24.3 m/s), SRH, STP, Updraft Helicity (UH).",CITED_ONLY: Displacing elevated mixed-layer from the Iberian Peninsula into Western and Central Europe.,"CITED_ONLY: Cites Hamid (2012), Mathias et al. (2017), van Delden (2001).",NR,INDIRECT: Elevated mixed-layer (EML) and enhanced instability.,INDIRECT: ERA5 reanalysis and WRF simulations showing high-CAPE/high-shear environments.,NR,NR,"DIRECT: Violent tornadoes (F4/F5); Western and Central Europe, Italy, France, Poland, Ukraine.",NR,Such scenarios are rare in Europe and typically associated with the ‘Spanish Plume’ setup displacing elevated mixed-layer from the Iberian Peninsula into Western and Central Europe,PDF p. 119,DIRECT: HSLC tornadoes and mesoscale interactions with complex orography pose forecasting challenges.,82
SP094,PASSING_MENTION,SYNOPTIC_PATTERN,NR,NR,ASSERTED_ONLY: Mentioned as a continental weather system impacting the United Kingdom.,CITED_ONLY: Referenced via Carlson and Ludlam (1968) and Lewis and Gray (2010).,UNCLASSIFIED,NR,NR,NR,NR,INDIRECT: Thunderstorms/lightning over the English Channel during autumn.,NR,"there may also be some impact from continental weather systems impacting the United Kingdom, such as “Spanish plume” events",PDF p. 7,DIRECT: LLN detection efficiency exhibits significant diurnal variation.,SP094
SP095,CONCEPTUAL_BACKGROUND,SYNOPTIC_PATTERN,Advection of very warm air with steep lapse rates and an elevated mixed layer.,MUCAPE; deep-layer shear (DLS); MUWMAXSHEAR; convective inhibition (MUCIN); mums; lapse rates.,"CITED_ONLY: Environments favorable for extreme thunderstorms are associated with ""Spanish plume"" synoptic setups.","CITED_ONLY: Referenced to Carlson and Ludlam (1968), Van Delden (2001), and Mathias et al. (2017).",UNCLASSIFIED,"DIRECT: ""Loaded gun"" profile characterized by strong convective inhibition (MUCIN) followed by sudden development of convective updrafts.",INDIRECT: Statistical correlation between stronger MUCIN and extreme CG lightning flash rates.,NR,NR,"Cloud-to-ground lightning, hail, tornadoes, and severe wind in Poland.",NR,These environments in Europe are often associated with “Spanish plume” synoptic setups (Carlson and Ludlam 1968; Van Delden 2001; Mathias et al. 2017).,PDF p. 10,DIRECT: Severe shallow convection may have poor lightning activity; intracloud flashes were omitted.,34
SP096,CONCEPTUAL_BACKGROUND,SYNOPTIC_PATTERN,DIRECT: Brisk south or southwesterly airflow at 500 hPa.,"500 hPa airflow, upper trough position.",NR,NR,CLASSIC,NR,NR,NR,NR,DIRECT: Severe hailstorms with stones 50mm or more in diameter across the English Midlands.,NR,"nearly all these occasions... had a synoptic set up with features of the ‘Spanish Plume’ scenario, described by Carlson and Ludlam (1968)",PDF p. 7,DIRECT: Storms of 20 July 2021 differed from the classic Spanish Plume scenario due to an upper trough further east.,83
SP097,CONCEPTUAL_BACKGROUND,FORECASTING_CONCEPT+SYNOPTIC_PATTERN,DIRECT: Warm continental plume; tongue of air with high wet-bulb potential temperature ( $>18^{\circ}\text{C}$ ) extending from the south.,"850hPa WBPT, low-level convergence zones, Meteosat images, radar echoes.",DIRECT: Low latitude origin (Iberia and further south) of the airflows that characterise such events.,"CITED_ONLY: References to Carlson and Ludlam (1968), Morris (1986), and Douglas and Harding (1946).",CLASSIC,INDIRECT: Very steep lapse rate at medium levels.,CITED_ONLY: Cited from Douglas and Harding (1946).,DIRECT: Low-level convergence zones; diurnal heating; sharpening upper trough to the west.,DIRECT: Case study of 24 June 1994 using mesoscale model and satellite imagery.,DIRECT: Severe thunderstorms; heavy rain areas; southeast England.,NR,The term Spanish Plume... was almost certainly first used by Carlson and Ludlam (1968) before being resurrected by Morris (1986),PDF p. 9,DIRECT: Overnight developments remain particularly problematic; model inconsistency.,84
SP098,CASE_APPLICATION,EVENT_LABEL,DIRECT: elevated instability.,CITED_ONLY: 850hPa WBPT and 1000/500hPa thickness.,ASSERTED_ONLY: cyclogenesis occurred in what would some years later become familiar to forecasters as a ‘Spanish Plume’.,NR,UNCLASSIFIED,DIRECT: elevated instability linked to unexpectedly severe thunderstorms.,DIRECT: 13/14 June 1980 case study observations.,DIRECT: rapid cyclogenesis.,DIRECT: cyclogenesis occurred 9–12h ahead of expectation in the June 1980 event.,"DIRECT: unexpectedly severe thunderstorms, major disruption to flights, flooding; Heathrow/southeast England.",NR,"cyclogenesis occurred in what would some years later become familiar to forecasters as a ‘Spanish Plume’ (Carlson and Ludlam, 1968; Morris, 1986).",PDF p. 71,DIRECT: forecasting of cyclogenesis 24h ahead was often problematic/missed by 10-level models.,85
SP099,PASSING_MENTION,EVENT_LABEL,DIRECT: arrival from the south; thundery.,"Surface analysis charts, 24-h forecast charts.",ASSERTED_ONLY: arriving from the south.,CITED_ONLY: Referenced to Salter (1968).,CLASSIC,NR,NR,DIRECT: combination with cyclogenesis.,INDIRECT: Historical forecasting failures in 1968 events where cyclogenesis combined with a thundery Spanish Plume.,DIRECT: serious flooding events in England (July 1968).,NR,"When cyclogenesis combines with a thundery ‘Spanish plume’ (Salter, 1968) arriving from the south, this rare but potent combination can lead to serious flooding.",PDF p. 6,DIRECT: Model of the time was devoid of moisture and could not reproduce such developments.,86
SP100,CONCEPTUAL_BACKGROUND,SYNOPTIC_PATTERN+EVENT_LABEL,CITED_ONLY: Warm air moves northwards from the European continent and Iberia; associated with heat waves.,ASSERTED_ONLY: High CAPE over land due to warm 2m air temperatures; mesoscale convective weather.,ASSERTED_ONLY: Synoptic events where warm air moves northwards from the European continent and Iberia.,CITED_ONLY: Referenced to Haslett et al. (2009) and Sibley (2012).,UNCLASSIFIED,ASSERTED_ONLY: High CAPE and warm air temperatures leading to convective activity.,CITED_ONLY: Sibley (2012) cited for Spanish plume convective weather.,"ASSERTED_ONLY: Convective weather systems (squall lines, clusters) associated with the plume.",INDIRECT: Association with summer meteotsunami events on 27 June 2011 and 18 June 2022.,"DIRECT: Meteotsunami (wave anomalies  $> 0.2\text{m}$ ), thunderstorms; Southwest UK coast.",UNCLEAR,Such mesoscale convective systems may be associated with synoptic “Spanish plume” events. These synoptic events are more prevalent between May and October,PDF p. 2532,DIRECT: UK tide gauge sampling interval (15 min) is too coarse to detect some meteotsunami waves.,87
SP101,PASSING_MENTION,SYNOPTIC_PATTERN,NR,DIRECT: geopotential height at 500 hPa (Z500),NR,NR,UNCLASSIFIED,NR,NR,NR,NR,DIRECT: severe convective weather in northwestern Europe,NR,"Many Z500 patterns associated with warm-season derechos in France bear resemblance to the Spanish plume (Morris, 1986; Holley et al., 2014)",PDF p. 7,ASSERTED_ONLY: Resemblance based on daily averaged 500 hPa patterns; Spanish plume is noted as a typical configuration for severe weather.,88
SP102,CONCEPTUAL_BACKGROUND,SYNOPTIC_PATTERN,CITED_ONLY: Low-level southerly flow bringing warm moist air up from Iberia towards Northwest Europe.,"DIRECT: Lightning flash count (ATDnet), duration, speed, direction (bearing), area ( $\text{km}^2$ ), MSLP anomalies.",CITED_ONLY: Flow originates from Iberia; identified as Weather Pattern 16 in Neal et al. (2016) classification.,CITED_ONLY: Cites Wilkinson and Neal (2021) and Hayward et al. (2022) regarding Spanish Plume weather patterns.,CLASSIC,CITED_ONLY: Low-level southerly flow providing heat and moisture; often associated with severe storms and MCS development.,CITED_ONLY: MSLP pattern 16 showing low pressure over Atlantic and high pressure over continental Europe.,CITED_ONLY: Spanish Plume events often cause very severe thunderstorms over the southeast of the UK.,INDIRECT: Analysis of Pattern 16 shows highest mean flash count (597) and long duration (106 min) compared to other patterns.,"DIRECT: Severe thunderstorms, lightning, intense rainfall, flash flooding; UK, Ireland, France.",NR,"Pattern 16 is identified as the Spanish Plume weather pattern (Hayward et al., 2022; Wilkinson & Neal, 2021) producing thunderstorms in the summer",PDF p. 14,DIRECT: ATDnet system affected by ionosphere height.,89